image_name,class,prediction,probability,success
Normal-8.png,Normal,Normal,0.9982726573944092,1
Normal-11.png,Normal,Normal,0.9753677248954773,1
Normal-12.png,Normal,Normal,0.9848877191543579,1
Normal-24.png,Normal,Normal,0.9999595880508423,1
Normal-26.png,Normal,Normal,0.9911252856254578,1
Normal-37.png,Normal,Normal,0.984621524810791,1
Normal-38.png,Normal,Normal,0.9296727180480957,1
Normal-40.png,Normal,Normal,0.9999551773071289,1
Normal-44.png,Normal,Normal,0.9958600401878357,1
Normal-46.png,Normal,Normal,0.9932257533073425,1
Normal-52.png,Normal,Lung_Opacity,0.996279776096344,0
Normal-66.png,Normal,Normal,0.9999469518661499,1
Normal-67.png,Normal,Normal,0.9882681965827942,1
Normal-69.png,Normal,Normal,0.9991224408149719,1
Normal-72.png,Normal,Normal,0.9997403025627136,1
Normal-74.png,Normal,Normal,0.9999523162841797,1
Normal-77.png,Normal,Normal,0.9999711513519287,1
Normal-81.png,Normal,Normal,0.999977707862854,1
Normal-82.png,Normal,Normal,0.9998175501823425,1
Normal-93.png,Normal,Normal,0.9986749291419983,1
Normal-96.png,Normal,Normal,0.9943142533302307,1
Normal-97.png,Normal,Normal,0.9995906949043274,1
Normal-101.png,Normal,Normal,0.9988744854927063,1
Normal-105.png,Normal,Normal,0.9652625918388367,1
Normal-108.png,Normal,Normal,0.9995859265327454,1
Normal-109.png,Normal,Normal,0.9996023774147034,1
Normal-111.png,Normal,Normal,0.9999419450759888,1
Normal-115.png,Normal,Normal,0.9998887777328491,1
Normal-118.png,Normal,Normal,0.9977598190307617,1
Normal-121.png,Normal,Normal,0.9999885559082031,1
Normal-145.png,Normal,Normal,0.9997206330299377,1
Normal-149.png,Normal,Normal,0.9995916485786438,1
Normal-154.png,Normal,Normal,0.999326229095459,1
Normal-155.png,Normal,Normal,0.9999839067459106,1
Normal-175.png,Normal,Normal,0.9993571639060974,1
Normal-180.png,Normal,Normal,0.9999629259109497,1
Normal-186.png,Normal,Normal,0.9589715003967285,1
Normal-188.png,Normal,Normal,0.9882160425186157,1
Normal-208.png,Normal,Normal,0.9968429803848267,1
Normal-210.png,Normal,Normal,0.9958233833312988,1
Normal-228.png,Normal,Normal,0.9998360872268677,1
Normal-233.png,Normal,Normal,0.9978381991386414,1
Normal-234.png,Normal,Normal,0.9999557733535767,1
Normal-235.png,Normal,Normal,0.9999885559082031,1
Normal-243.png,Normal,Normal,0.9996086955070496,1
Normal-244.png,Normal,Normal,0.9711138606071472,1
Normal-247.png,Normal,Normal,0.9999610185623169,1
Normal-254.png,Normal,Normal,0.998258650302887,1
Normal-256.png,Normal,Normal,0.9999992847442627,1
Normal-257.png,Normal,Normal,0.9657377600669861,1
Normal-259.png,Normal,Normal,0.9995855689048767,1
Normal-265.png,Normal,Normal,0.9958181977272034,1
Normal-268.png,Normal,Normal,0.9999210834503174,1
Normal-271.png,Normal,Normal,0.9998998641967773,1
Normal-278.png,Normal,Normal,0.9998937845230103,1
Normal-289.png,Normal,Normal,0.9995993971824646,1
Normal-293.png,Normal,Normal,0.9999351501464844,1
Normal-296.png,Normal,Normal,0.99924635887146,1
Normal-297.png,Normal,Normal,0.9976703524589539,1
Normal-319.png,Normal,Normal,0.8725728392601013,1
Normal-320.png,Normal,Normal,0.9999470710754395,1
Normal-322.png,Normal,Normal,0.9999971389770508,1
Normal-325.png,Normal,Normal,0.9999873638153076,1
Normal-330.png,Normal,Normal,0.9999854564666748,1
Normal-331.png,Normal,Normal,0.9979680180549622,1
Normal-332.png,Normal,Normal,0.9998466968536377,1
Normal-341.png,Normal,Normal,0.9987083673477173,1
Normal-348.png,Normal,Normal,0.99996018409729,1
Normal-353.png,Normal,Normal,0.9996819496154785,1
Normal-359.png,Normal,Normal,0.9999043941497803,1
Normal-365.png,Normal,Normal,0.9996383190155029,1
Normal-373.png,Normal,Normal,0.999944806098938,1
Normal-383.png,Normal,Normal,0.999432384967804,1
Normal-387.png,Normal,Normal,0.9989953637123108,1
Normal-391.png,Normal,Normal,0.9962467551231384,1
Normal-405.png,Normal,Normal,0.8737732768058777,1
Normal-415.png,Normal,Normal,0.9999971389770508,1
Normal-416.png,Normal,Normal,0.9999418258666992,1
Normal-417.png,Normal,Normal,0.9998536109924316,1
Normal-420.png,Normal,Normal,0.99998939037323,1
Normal-428.png,Normal,Normal,0.7332800626754761,1
Normal-431.png,Normal,Normal,0.9987812638282776,1
Normal-433.png,Normal,Normal,0.9994114637374878,1
Normal-438.png,Normal,Normal,0.9908329844474792,1
Normal-443.png,Normal,Normal,0.9995425939559937,1
Normal-445.png,Normal,Normal,0.9993895292282104,1
Normal-447.png,Normal,Normal,0.997027575969696,1
Normal-457.png,Normal,Normal,0.9999973773956299,1
Normal-478.png,Normal,Normal,0.9620678424835205,1
Normal-481.png,Normal,Normal,0.9956146478652954,1
Normal-482.png,Normal,Normal,0.9998722076416016,1
Normal-490.png,Normal,Normal,0.9997453093528748,1
Normal-494.png,Normal,Normal,0.9999865293502808,1
Normal-497.png,Normal,Normal,0.999750554561615,1
Normal-501.png,Normal,Normal,0.9999516010284424,1
Normal-503.png,Normal,Normal,0.9999345541000366,1
Normal-509.png,Normal,Normal,0.9994983673095703,1
Normal-527.png,Normal,Normal,0.9995367527008057,1
Normal-528.png,Normal,Normal,0.9990956783294678,1
Normal-538.png,Normal,Normal,0.9997733235359192,1
Normal-541.png,Normal,Normal,0.9999856948852539,1
Normal-545.png,Normal,Normal,0.9993512034416199,1
Normal-557.png,Normal,Normal,0.9999110698699951,1
Normal-560.png,Normal,Normal,0.9997407793998718,1
Normal-561.png,Normal,Normal,0.9998766183853149,1
Normal-562.png,Normal,Normal,0.999970555305481,1
Normal-563.png,Normal,Normal,0.9999932050704956,1
Normal-566.png,Normal,Normal,0.9999755620956421,1
Normal-570.png,Normal,Normal,0.9999537467956543,1
Normal-574.png,Normal,Normal,0.999954342842102,1
Normal-575.png,Normal,Normal,0.999991774559021,1
Normal-578.png,Normal,Normal,0.9999946355819702,1
Normal-583.png,Normal,Normal,0.9999240636825562,1
Normal-589.png,Normal,Normal,0.9999982118606567,1
Normal-592.png,Normal,Normal,0.9999841451644897,1
Normal-595.png,Normal,Normal,0.9999035596847534,1
Normal-599.png,Normal,Normal,0.9997132420539856,1
Normal-601.png,Normal,Normal,0.9999725818634033,1
Normal-603.png,Normal,Normal,0.9995960593223572,1
Normal-604.png,Normal,Normal,0.9989594221115112,1
Normal-608.png,Normal,Normal,0.9999936819076538,1
Normal-614.png,Normal,Normal,0.9999406337738037,1
Normal-624.png,Normal,Normal,0.9995852112770081,1
Normal-626.png,Normal,Normal,0.9999858140945435,1
Normal-633.png,Normal,Normal,0.999545156955719,1
Normal-635.png,Normal,Normal,0.99915611743927,1
Normal-637.png,Normal,Normal,0.9999740123748779,1
Normal-647.png,Normal,Normal,0.9999923706054688,1
Normal-657.png,Normal,Normal,0.9998981952667236,1
Normal-659.png,Normal,Normal,0.9996569156646729,1
Normal-661.png,Normal,Normal,0.9989644289016724,1
Normal-662.png,Normal,Normal,0.9999414682388306,1
Normal-668.png,Normal,Normal,0.9999949932098389,1
Normal-672.png,Normal,Normal,0.9972621202468872,1
Normal-673.png,Normal,Normal,0.9999327659606934,1
Normal-676.png,Normal,Normal,0.9996476173400879,1
Normal-681.png,Normal,Normal,0.9999967813491821,1
Normal-685.png,Normal,Normal,0.9999176263809204,1
Normal-690.png,Normal,Normal,0.9999738931655884,1
Normal-691.png,Normal,Normal,0.9999933242797852,1
Normal-695.png,Normal,Normal,0.9999858140945435,1
Normal-711.png,Normal,Normal,0.9992830157279968,1
Normal-713.png,Normal,Normal,0.9996103644371033,1
Normal-714.png,Normal,Normal,0.9999673366546631,1
Normal-717.png,Normal,Normal,0.9999366998672485,1
Normal-723.png,Normal,Normal,0.9998888969421387,1
Normal-724.png,Normal,Normal,0.9999834299087524,1
Normal-727.png,Normal,Normal,0.9996627569198608,1
Normal-732.png,Normal,Normal,0.999882698059082,1
Normal-735.png,Normal,Normal,0.9997782111167908,1
Normal-741.png,Normal,Normal,0.9984365105628967,1
Normal-746.png,Normal,Normal,0.9999511241912842,1
Normal-755.png,Normal,Normal,0.9999973773956299,1
Normal-756.png,Normal,Normal,0.9996949434280396,1
Normal-757.png,Normal,Normal,0.9998987913131714,1
Normal-761.png,Normal,Normal,0.9993143081665039,1
Normal-762.png,Normal,Normal,0.9999996423721313,1
Normal-766.png,Normal,Normal,0.9995220899581909,1
Normal-769.png,Normal,Normal,0.9996547698974609,1
Normal-771.png,Normal,Normal,0.9998389482498169,1
Normal-774.png,Normal,Normal,0.9993371367454529,1
Normal-775.png,Normal,Normal,0.9993857145309448,1
Normal-778.png,Normal,Normal,0.9999632835388184,1
Normal-781.png,Normal,Normal,0.9991389513015747,1
Normal-782.png,Normal,Normal,0.999401330947876,1
Normal-785.png,Normal,Normal,0.9999250173568726,1
Normal-794.png,Normal,Normal,0.9999732971191406,1
Normal-798.png,Normal,Normal,0.9998763799667358,1
Normal-799.png,Normal,Normal,0.9939736723899841,1
Normal-800.png,Normal,Normal,0.9999934434890747,1
Normal-803.png,Normal,Normal,0.9991341233253479,1
Normal-815.png,Normal,Normal,0.9999574422836304,1
Normal-816.png,Normal,Normal,0.9999960660934448,1
Normal-819.png,Normal,Normal,0.9998830556869507,1
Normal-823.png,Normal,Normal,0.999993085861206,1
Normal-833.png,Normal,Normal,0.9998717308044434,1
Normal-841.png,Normal,Normal,0.9999831914901733,1
Normal-848.png,Normal,Normal,0.9990254640579224,1
Normal-850.png,Normal,Normal,0.9999773502349854,1
Normal-865.png,Normal,Normal,0.9999517202377319,1
Normal-866.png,Normal,Normal,0.6129461526870728,1
Normal-871.png,Normal,COVID,0.8931059837341309,0
Normal-875.png,Normal,Normal,0.9999250173568726,1
Normal-880.png,Normal,Normal,0.9986370205879211,1
Normal-887.png,Normal,Normal,0.9990280866622925,1
Normal-890.png,Normal,Normal,0.9999912977218628,1
Normal-891.png,Normal,Normal,0.9957947731018066,1
Normal-893.png,Normal,Normal,0.9988744854927063,1
Normal-898.png,Normal,Normal,0.9998370409011841,1
Normal-902.png,Normal,Normal,0.6702510714530945,1
Normal-905.png,Normal,Normal,0.9711887836456299,1
Normal-907.png,Normal,Viral Pneumonia,0.9869347810745239,0
Normal-910.png,Normal,Normal,0.9997300505638123,1
Normal-911.png,Normal,Normal,0.9930381178855896,1
Normal-917.png,Normal,COVID,0.8578603267669678,0
Normal-923.png,Normal,Normal,0.999281108379364,1
Normal-930.png,Normal,Normal,0.9997337460517883,1
Normal-949.png,Normal,Normal,0.9995765089988708,1
Normal-950.png,Normal,Normal,0.999813973903656,1
Normal-953.png,Normal,Normal,0.9987711310386658,1
Normal-959.png,Normal,Normal,0.999407172203064,1
Normal-974.png,Normal,Normal,0.9987497329711914,1
Normal-977.png,Normal,Normal,0.9996092915534973,1
Normal-980.png,Normal,Normal,0.8620355725288391,1
Normal-987.png,Normal,Normal,0.9940886497497559,1
Normal-993.png,Normal,Normal,0.9999959468841553,1
Normal-995.png,Normal,Normal,0.9998984336853027,1
Normal-1005.png,Normal,Normal,0.9998093247413635,1
Normal-1019.png,Normal,Normal,0.6840944290161133,1
Normal-1020.png,Normal,Normal,0.9999085664749146,1
Normal-1026.png,Normal,Normal,0.9589478373527527,1
Normal-1032.png,Normal,Normal,0.9978727102279663,1
Normal-1041.png,Normal,Normal,0.9999123811721802,1
Normal-1042.png,Normal,Normal,0.9997029900550842,1
Normal-1047.png,Normal,Normal,0.9999481439590454,1
Normal-1051.png,Normal,Normal,0.9999988079071045,1
Normal-1055.png,Normal,Normal,0.997273862361908,1
Normal-1056.png,Normal,Normal,0.9999934434890747,1
Normal-1059.png,Normal,Normal,0.9999324083328247,1
Normal-1069.png,Normal,Normal,0.9998908042907715,1
Normal-1075.png,Normal,Normal,0.9997865557670593,1
Normal-1078.png,Normal,Normal,0.9999845027923584,1
Normal-1080.png,Normal,Normal,0.999943733215332,1
Normal-1089.png,Normal,Normal,0.9999940395355225,1
Normal-1096.png,Normal,Normal,0.9912050366401672,1
Normal-1101.png,Normal,Normal,0.999991774559021,1
Normal-1110.png,Normal,Normal,0.999956488609314,1
Normal-1111.png,Normal,Normal,0.994745135307312,1
Normal-1116.png,Normal,Normal,0.9999977350234985,1
Normal-1117.png,Normal,Normal,0.9973716735839844,1
Normal-1119.png,Normal,Normal,0.999907374382019,1
Normal-1146.png,Normal,Normal,0.9985914826393127,1
Normal-1147.png,Normal,Normal,0.9999721050262451,1
Normal-1152.png,Normal,Normal,0.9748483300209045,1
Normal-1160.png,Normal,Normal,0.9999994039535522,1
Normal-1161.png,Normal,Normal,0.9998443126678467,1
Normal-1180.png,Normal,Normal,0.9899569153785706,1
Normal-1182.png,Normal,Normal,0.9999727010726929,1
Normal-1184.png,Normal,Normal,0.9997952580451965,1
Normal-1185.png,Normal,Normal,0.9993670582771301,1
Normal-1187.png,Normal,Normal,0.9999552965164185,1
Normal-1189.png,Normal,Normal,0.9999521970748901,1
Normal-1190.png,Normal,Normal,0.9906805157661438,1
Normal-1194.png,Normal,Normal,0.999982476234436,1
Normal-1196.png,Normal,Normal,0.999496340751648,1
Normal-1199.png,Normal,Normal,0.9999895095825195,1
Normal-1204.png,Normal,Normal,0.9999783039093018,1
Normal-1208.png,Normal,Normal,0.9999685287475586,1
Normal-1212.png,Normal,Normal,0.9999744892120361,1
Normal-1213.png,Normal,Normal,0.9998471736907959,1
Normal-1233.png,Normal,Normal,0.9998227953910828,1
Normal-1234.png,Normal,Normal,0.9625998139381409,1
Normal-1235.png,Normal,Normal,0.9989005327224731,1
Normal-1240.png,Normal,Normal,0.9999994039535522,1
Normal-1242.png,Normal,Normal,0.9999885559082031,1
Normal-1245.png,Normal,Normal,0.999985933303833,1
Normal-1246.png,Normal,Normal,0.9997172951698303,1
Normal-1250.png,Normal,Normal,0.9999988079071045,1
Normal-1251.png,Normal,Normal,0.9999542236328125,1
Normal-1258.png,Normal,Normal,0.999923825263977,1
Normal-1265.png,Normal,Normal,0.9999884366989136,1
Normal-1266.png,Normal,Normal,0.9998055100440979,1
Normal-1279.png,Normal,Normal,0.9997701048851013,1
Normal-1284.png,Normal,Normal,0.9571021795272827,1
Normal-1285.png,Normal,Normal,0.9999656677246094,1
Normal-1286.png,Normal,Normal,0.9942518472671509,1
Normal-1288.png,Normal,Normal,0.999992847442627,1
Normal-1292.png,Normal,Normal,0.9993876218795776,1
Normal-1293.png,Normal,Normal,0.9497108459472656,1
Normal-1299.png,Normal,Normal,0.9988868832588196,1
Normal-1307.png,Normal,Normal,0.9913415312767029,1
Normal-1317.png,Normal,Viral Pneumonia,0.9378724694252014,0
Normal-1330.png,Normal,Normal,0.9993165731430054,1
Normal-1332.png,Normal,Normal,0.9996756315231323,1
Normal-1333.png,Normal,Normal,0.9978797435760498,1
Normal-1335.png,Normal,Normal,0.9999862909317017,1
Normal-1341.png,Normal,Normal,0.9998353719711304,1
Normal-1345.png,Normal,Normal,0.9999659061431885,1
Normal-1349.png,Normal,Normal,0.9999542236328125,1
Normal-1360.png,Normal,Normal,0.9995670914649963,1
Normal-1362.png,Normal,Normal,0.985691487789154,1
Normal-1370.png,Normal,Normal,0.9999697208404541,1
Normal-1375.png,Normal,Normal,0.9999756813049316,1
Normal-1378.png,Normal,Normal,0.9999961853027344,1
Normal-1385.png,Normal,Normal,0.9999955892562866,1
Normal-1388.png,Normal,Viral Pneumonia,0.9876583218574524,0
Normal-1389.png,Normal,Normal,0.9805930852890015,1
Normal-1390.png,Normal,Normal,0.940018355846405,1
Normal-1392.png,Normal,Normal,0.9999079704284668,1
Normal-1404.png,Normal,Normal,0.9969983100891113,1
Normal-1407.png,Normal,Normal,0.9999793767929077,1
Normal-1410.png,Normal,Normal,0.9933627843856812,1
Normal-1411.png,Normal,Normal,0.9998723268508911,1
Normal-1415.png,Normal,Normal,0.9999508857727051,1
Normal-1416.png,Normal,Normal,0.9998375177383423,1
Normal-1418.png,Normal,Normal,0.9864196181297302,1
Normal-1421.png,Normal,Normal,0.9995456337928772,1
Normal-1422.png,Normal,Normal,0.9617993235588074,1
Normal-1424.png,Normal,Normal,0.997879147529602,1
Normal-1427.png,Normal,Normal,0.7822390794754028,1
Normal-1435.png,Normal,Normal,0.999993085861206,1
Normal-1438.png,Normal,Normal,0.9984727501869202,1
Normal-1441.png,Normal,Normal,0.9573683738708496,1
Normal-1447.png,Normal,Normal,0.9990712404251099,1
Normal-1462.png,Normal,Normal,0.9852370619773865,1
Normal-1464.png,Normal,Normal,0.9999991655349731,1
Normal-1472.png,Normal,Normal,0.9999568462371826,1
Normal-1473.png,Normal,Normal,0.9970108270645142,1
Normal-1474.png,Normal,Normal,0.9884599447250366,1
Normal-1478.png,Normal,Normal,0.999982476234436,1
Normal-1479.png,Normal,Normal,0.9926562905311584,1
Normal-1481.png,Normal,Normal,0.999896764755249,1
Normal-1486.png,Normal,Normal,0.9999243021011353,1
Normal-1495.png,Normal,Lung_Opacity,0.5974714159965515,0
Normal-1496.png,Normal,Normal,0.9999357461929321,1
Normal-1502.png,Normal,Normal,0.9999984502792358,1
Normal-1503.png,Normal,Normal,0.9995892643928528,1
Normal-1510.png,Normal,Normal,0.9996719360351562,1
Normal-1516.png,Normal,Normal,0.9999737739562988,1
Normal-1524.png,Normal,Normal,0.9998657703399658,1
Normal-1526.png,Normal,Normal,0.999976634979248,1
Normal-1537.png,Normal,Normal,0.9752716422080994,1
Normal-1539.png,Normal,Normal,0.9995914101600647,1
Normal-1551.png,Normal,Normal,0.9968786239624023,1
Normal-1552.png,Normal,Normal,0.9999853372573853,1
Normal-1556.png,Normal,Normal,0.9993610978126526,1
Normal-1557.png,Normal,Normal,0.9867522716522217,1
Normal-1560.png,Normal,Normal,0.9991570711135864,1
Normal-1564.png,Normal,Normal,0.999646782875061,1
Normal-1574.png,Normal,Normal,0.9999511241912842,1
Normal-1579.png,Normal,Normal,0.9798745512962341,1
Normal-1590.png,Normal,Normal,0.99692302942276,1
Normal-1598.png,Normal,Normal,0.9028267860412598,1
Normal-1614.png,Normal,Normal,0.999195396900177,1
Normal-1619.png,Normal,Normal,0.9997559189796448,1
Normal-1621.png,Normal,Normal,0.9999309778213501,1
Normal-1627.png,Normal,Normal,0.9984644651412964,1
Normal-1632.png,Normal,Normal,0.9999955892562866,1
Normal-1650.png,Normal,Normal,0.9994727969169617,1
Normal-1653.png,Normal,Normal,0.9999912977218628,1
Normal-1655.png,Normal,Normal,0.9999946355819702,1
Normal-1659.png,Normal,Lung_Opacity,0.7470911145210266,0
Normal-1661.png,Normal,Normal,0.9987633228302002,1
Normal-1664.png,Normal,Normal,0.9988188147544861,1
Normal-1666.png,Normal,Normal,0.9993320107460022,1
Normal-1667.png,Normal,Lung_Opacity,0.7249860763549805,0
Normal-1672.png,Normal,Normal,0.9755452275276184,1
Normal-1674.png,Normal,Normal,0.9942619800567627,1
Normal-1678.png,Normal,Normal,0.9987940788269043,1
Normal-1683.png,Normal,Normal,0.9848641753196716,1
Normal-1690.png,Normal,Normal,0.9997064471244812,1
Normal-1691.png,Normal,Normal,0.9992660880088806,1
Normal-1696.png,Normal,Normal,0.9998878240585327,1
Normal-1710.png,Normal,Normal,0.9992400407791138,1
Normal-1716.png,Normal,Normal,0.9953552484512329,1
Normal-1718.png,Normal,Normal,0.999291181564331,1
Normal-1722.png,Normal,Normal,0.9432700276374817,1
Normal-1726.png,Normal,Normal,0.9991427659988403,1
Normal-1729.png,Normal,Normal,0.9599804878234863,1
Normal-1735.png,Normal,Normal,0.9663264155387878,1
Normal-1742.png,Normal,Normal,0.9970263838768005,1
Normal-1747.png,Normal,Normal,0.9966036081314087,1
Normal-1750.png,Normal,Normal,0.952509880065918,1
Normal-1751.png,Normal,Normal,0.9989176988601685,1
Normal-1752.png,Normal,Normal,0.9999822378158569,1
Normal-1755.png,Normal,Normal,0.9998549222946167,1
Normal-1757.png,Normal,Normal,0.9999823570251465,1
Normal-1758.png,Normal,Normal,0.9742520451545715,1
Normal-1759.png,Normal,Normal,0.875630795955658,1
Normal-1761.png,Normal,Normal,0.9789612293243408,1
Normal-1774.png,Normal,Normal,0.9954062700271606,1
Normal-1775.png,Normal,Normal,0.9999721050262451,1
Normal-1780.png,Normal,Normal,0.9998903274536133,1
Normal-1781.png,Normal,Normal,0.9999507665634155,1
Normal-1783.png,Normal,Normal,0.832797110080719,1
Normal-1786.png,Normal,Normal,0.999997615814209,1
Normal-1788.png,Normal,Normal,0.9716892838478088,1
Normal-1790.png,Normal,Normal,0.9996614456176758,1
Normal-1794.png,Normal,Normal,0.9999122619628906,1
Normal-1798.png,Normal,Normal,0.9998008608818054,1
Normal-1801.png,Normal,Normal,0.9986081719398499,1
Normal-1807.png,Normal,Normal,0.9998759031295776,1
Normal-1810.png,Normal,Normal,0.999083399772644,1
Normal-1812.png,Normal,Normal,0.9894630312919617,1
Normal-1817.png,Normal,Normal,0.9993163347244263,1
Normal-1831.png,Normal,Normal,0.9864965081214905,1
Normal-1832.png,Normal,Normal,0.895179808139801,1
Normal-1833.png,Normal,Normal,0.9994139671325684,1
Normal-1844.png,Normal,Normal,0.9979588985443115,1
Normal-1846.png,Normal,Normal,0.9813397526741028,1
Normal-1849.png,Normal,Normal,0.9956027269363403,1
Normal-1855.png,Normal,Normal,0.9999866485595703,1
Normal-1861.png,Normal,Normal,0.9974822402000427,1
Normal-1865.png,Normal,Normal,0.9898834824562073,1
Normal-1869.png,Normal,Normal,0.9939648509025574,1
Normal-1879.png,Normal,Normal,0.9986220598220825,1
Normal-1880.png,Normal,Normal,0.9997462630271912,1
Normal-1884.png,Normal,Normal,0.9997113347053528,1
Normal-1885.png,Normal,Normal,0.8739928603172302,1
Normal-1893.png,Normal,Normal,0.9999992847442627,1
Normal-1895.png,Normal,Normal,0.9979233145713806,1
Normal-1898.png,Normal,Normal,0.9991994500160217,1
Normal-1901.png,Normal,Normal,0.9984160661697388,1
Normal-1904.png,Normal,Normal,0.9983682036399841,1
Normal-1907.png,Normal,Normal,0.999828577041626,1
Normal-1908.png,Normal,Lung_Opacity,0.9477417469024658,0
Normal-1910.png,Normal,Normal,0.9862586259841919,1
Normal-1913.png,Normal,Normal,0.9999092817306519,1
Normal-1915.png,Normal,Normal,0.9772581458091736,1
Normal-1938.png,Normal,Normal,0.9996540546417236,1
Normal-1942.png,Normal,Normal,0.9982536435127258,1
Normal-1951.png,Normal,Normal,0.9975000023841858,1
Normal-1961.png,Normal,Lung_Opacity,0.8525974154472351,0
Normal-1972.png,Normal,Normal,0.8505504131317139,1
Normal-1974.png,Normal,Normal,0.9999675750732422,1
Normal-1976.png,Normal,Normal,0.5500732064247131,1
Normal-1987.png,Normal,Normal,0.9999898672103882,1
Normal-1996.png,Normal,Normal,0.9985009431838989,1
Normal-2001.png,Normal,Normal,0.9623824954032898,1
Normal-2016.png,Normal,Normal,0.9284566044807434,1
Normal-2019.png,Normal,Normal,0.9964016675949097,1
Normal-2023.png,Normal,Normal,0.9998160004615784,1
Normal-2037.png,Normal,Lung_Opacity,0.6125501990318298,0
Normal-2084.png,Normal,Normal,0.9750561714172363,1
Normal-2094.png,Normal,Normal,0.771205723285675,1
Normal-2097.png,Normal,Normal,0.9951285123825073,1
Normal-2103.png,Normal,Normal,0.9997071623802185,1
Normal-2108.png,Normal,Normal,0.9998176693916321,1
Normal-2109.png,Normal,Normal,0.9104494452476501,1
Normal-2115.png,Normal,Lung_Opacity,0.7879585027694702,0
Normal-2143.png,Normal,Normal,0.999977707862854,1
Normal-2163.png,Normal,Normal,0.9990750551223755,1
Normal-2170.png,Normal,Normal,0.9999884366989136,1
Normal-2177.png,Normal,Normal,0.9976305961608887,1
Normal-2180.png,Normal,Normal,0.9998520612716675,1
Normal-2181.png,Normal,Normal,0.9935299754142761,1
Normal-2182.png,Normal,Normal,0.9999821186065674,1
Normal-2187.png,Normal,Normal,1.0,1
Normal-2197.png,Normal,Normal,0.9991163611412048,1
Normal-2199.png,Normal,Lung_Opacity,0.9888127446174622,0
Normal-2206.png,Normal,Normal,0.9357068538665771,1
Normal-2211.png,Normal,Normal,0.9999011754989624,1
Normal-2213.png,Normal,Normal,0.9963812232017517,1
Normal-2218.png,Normal,Normal,0.9931214451789856,1
Normal-2219.png,Normal,Normal,0.7676390409469604,1
Normal-2234.png,Normal,Normal,0.9220552444458008,1
Normal-2240.png,Normal,Normal,0.9902750253677368,1
Normal-2259.png,Normal,Normal,0.9999808073043823,1
Normal-2260.png,Normal,Normal,0.9998179078102112,1
Normal-2261.png,Normal,Lung_Opacity,0.6782533526420593,0
Normal-2269.png,Normal,Normal,0.9953922033309937,1
Normal-2274.png,Normal,Normal,0.9996834993362427,1
Normal-2275.png,Normal,Normal,0.9997088313102722,1
Normal-2281.png,Normal,Normal,0.9957733750343323,1
Normal-2283.png,Normal,Normal,0.9998770952224731,1
Normal-2285.png,Normal,Normal,0.999680757522583,1
Normal-2286.png,Normal,Normal,0.9876927733421326,1
Normal-2288.png,Normal,Normal,0.9999967813491821,1
Normal-2290.png,Normal,Normal,0.9947919249534607,1
Normal-2293.png,Normal,Normal,0.9933279752731323,1
Normal-2297.png,Normal,Normal,0.99755859375,1
Normal-2304.png,Normal,Normal,0.7872704863548279,1
Normal-2315.png,Normal,Normal,0.9681021571159363,1
Normal-2317.png,Normal,Lung_Opacity,0.9240610599517822,0
Normal-2323.png,Normal,Normal,0.999998927116394,1
Normal-2329.png,Normal,Normal,0.7880460023880005,1
Normal-2330.png,Normal,Normal,0.9811403751373291,1
Normal-2336.png,Normal,Normal,0.9994581341743469,1
Normal-2339.png,Normal,Normal,0.999518871307373,1
Normal-2344.png,Normal,Normal,0.9832262396812439,1
Normal-2348.png,Normal,Lung_Opacity,0.5815681219100952,0
Normal-2355.png,Normal,Normal,0.9999998807907104,1
Normal-2357.png,Normal,Normal,0.9999237060546875,1
Normal-2366.png,Normal,Normal,0.9999538660049438,1
Normal-2373.png,Normal,Normal,0.9999754428863525,1
Normal-2374.png,Normal,Normal,0.9997127652168274,1
Normal-2378.png,Normal,Normal,0.9992349147796631,1
Normal-2380.png,Normal,Normal,0.9972000122070312,1
Normal-2384.png,Normal,Normal,0.9967194199562073,1
Normal-2390.png,Normal,Normal,0.9999877214431763,1
Normal-2398.png,Normal,COVID,0.9943800568580627,0
Normal-2401.png,Normal,Normal,0.9996054768562317,1
Normal-2403.png,Normal,Normal,0.999846339225769,1
Normal-2410.png,Normal,Lung_Opacity,0.9323393702507019,0
Normal-2416.png,Normal,Normal,0.9635107517242432,1
Normal-2420.png,Normal,Normal,0.9932390451431274,1
Normal-2422.png,Normal,Normal,0.999970555305481,1
Normal-2423.png,Normal,Normal,0.9966339468955994,1
Normal-2429.png,Normal,Normal,0.9999997615814209,1
Normal-2430.png,Normal,Normal,0.9974963068962097,1
Normal-2432.png,Normal,Normal,0.9993454813957214,1
Normal-2457.png,Normal,Normal,0.9999879598617554,1
Normal-2461.png,Normal,Normal,0.9865368604660034,1
Normal-2465.png,Normal,Normal,0.9985848665237427,1
Normal-2471.png,Normal,Normal,0.9985276460647583,1
Normal-2485.png,Normal,Normal,0.9999822378158569,1
Normal-2497.png,Normal,COVID,0.5244072079658508,0
Normal-2501.png,Normal,Normal,0.9999175071716309,1
Normal-2503.png,Normal,Normal,0.9999889135360718,1
Normal-2505.png,Normal,Normal,0.989452600479126,1
Normal-2507.png,Normal,Normal,0.7846285104751587,1
Normal-2508.png,Normal,Normal,0.9019656777381897,1
Normal-2512.png,Normal,Normal,0.9966371059417725,1
Normal-2514.png,Normal,Normal,0.9649373888969421,1
Normal-2515.png,Normal,Normal,0.9999001026153564,1
Normal-2516.png,Normal,Lung_Opacity,0.5515361428260803,0
Normal-2521.png,Normal,Normal,0.9928181171417236,1
Normal-2530.png,Normal,Normal,0.9352631568908691,1
Normal-2533.png,Normal,Normal,0.9561243057250977,1
Normal-2539.png,Normal,Normal,0.9994865655899048,1
Normal-2545.png,Normal,Normal,0.9997923970222473,1
Normal-2551.png,Normal,Normal,0.9994521737098694,1
Normal-2553.png,Normal,Normal,0.9968609809875488,1
Normal-2576.png,Normal,Normal,0.9996742010116577,1
Normal-2577.png,Normal,Normal,0.9862136244773865,1
Normal-2578.png,Normal,Normal,0.9960810542106628,1
Normal-2581.png,Normal,Normal,0.9999947547912598,1
Normal-2583.png,Normal,Lung_Opacity,0.6526153683662415,0
Normal-2587.png,Normal,Lung_Opacity,0.5612415671348572,0
Normal-2589.png,Normal,Lung_Opacity,0.9737671613693237,0
Normal-2591.png,Normal,Normal,0.9998910427093506,1
Normal-2594.png,Normal,Normal,0.9973022937774658,1
Normal-2598.png,Normal,Normal,0.9902161359786987,1
Normal-2600.png,Normal,Normal,0.9998514652252197,1
Normal-2612.png,Normal,Normal,0.9489467740058899,1
Normal-2621.png,Normal,Normal,0.9280909895896912,1
Normal-2628.png,Normal,Normal,0.9983747005462646,1
Normal-2635.png,Normal,Normal,0.9999130964279175,1
Normal-2647.png,Normal,Normal,0.9408955574035645,1
Normal-2649.png,Normal,Normal,0.9976252913475037,1
Normal-2650.png,Normal,Normal,0.9910579919815063,1
Normal-2654.png,Normal,Normal,0.997859537601471,1
Normal-2660.png,Normal,Normal,0.9969747066497803,1
Normal-2667.png,Normal,Normal,0.9963375329971313,1
Normal-2671.png,Normal,Normal,0.999984860420227,1
Normal-2686.png,Normal,Normal,0.9993311166763306,1
Normal-2687.png,Normal,Normal,0.998866081237793,1
Normal-2691.png,Normal,Normal,0.9956313371658325,1
Normal-2694.png,Normal,Normal,0.9996517896652222,1
Normal-2697.png,Normal,Normal,0.9937344193458557,1
Normal-2709.png,Normal,Normal,0.9889294505119324,1
Normal-2710.png,Normal,Normal,1.0,1
Normal-2721.png,Normal,Normal,0.9999825954437256,1
Normal-2723.png,Normal,Normal,0.9974645376205444,1
Normal-2724.png,Normal,Normal,0.9999924898147583,1
Normal-2730.png,Normal,Normal,0.9885519742965698,1
Normal-2732.png,Normal,Normal,0.990803599357605,1
Normal-2733.png,Normal,Normal,0.9999946355819702,1
Normal-2751.png,Normal,Normal,0.9998584985733032,1
Normal-2759.png,Normal,Normal,0.9994377493858337,1
Normal-2769.png,Normal,Normal,0.9907885193824768,1
Normal-2771.png,Normal,Normal,0.9989632368087769,1
Normal-2776.png,Normal,Normal,0.9336325526237488,1
Normal-2785.png,Normal,Normal,0.9992469549179077,1
Normal-2788.png,Normal,Normal,0.9998575448989868,1
Normal-2794.png,Normal,Normal,0.9173272252082825,1
Normal-2801.png,Normal,Normal,0.999997615814209,1
Normal-2802.png,Normal,Normal,0.9999822378158569,1
Normal-2809.png,Normal,Normal,0.9925438165664673,1
Normal-2811.png,Normal,Normal,0.9997909665107727,1
Normal-2816.png,Normal,Normal,0.999736487865448,1
Normal-2820.png,Normal,Normal,0.9998407363891602,1
Normal-2823.png,Normal,Normal,0.9999927282333374,1
Normal-2826.png,Normal,Normal,0.9999542236328125,1
Normal-2830.png,Normal,Normal,0.9315922260284424,1
Normal-2838.png,Normal,Normal,0.9980740547180176,1
Normal-2846.png,Normal,Normal,0.9945666790008545,1
Normal-2848.png,Normal,Normal,0.9999865293502808,1
Normal-2866.png,Normal,Normal,0.9999247789382935,1
Normal-2868.png,Normal,Normal,0.9992284774780273,1
Normal-2869.png,Normal,Normal,0.9802396893501282,1
Normal-2877.png,Normal,Normal,0.9999710321426392,1
Normal-2882.png,Normal,Normal,0.9965497255325317,1
Normal-2887.png,Normal,Normal,0.9999961853027344,1
Normal-2889.png,Normal,Normal,0.9957659244537354,1
Normal-2893.png,Normal,Normal,0.9966273903846741,1
Normal-2902.png,Normal,Normal,0.9993777275085449,1
Normal-2912.png,Normal,Normal,0.9991102814674377,1
Normal-2923.png,Normal,Normal,0.9999899864196777,1
Normal-2925.png,Normal,Normal,0.9947220087051392,1
Normal-2927.png,Normal,Normal,0.9977224469184875,1
Normal-2934.png,Normal,Normal,0.9770102500915527,1
Normal-2940.png,Normal,Normal,0.9890220165252686,1
Normal-2950.png,Normal,Normal,0.9980373978614807,1
Normal-2953.png,Normal,Normal,0.9981673955917358,1
Normal-2956.png,Normal,Normal,0.9999902248382568,1
Normal-2957.png,Normal,Normal,0.9999829530715942,1
Normal-2963.png,Normal,Normal,0.9991177916526794,1
Normal-2964.png,Normal,Normal,0.9998225569725037,1
Normal-2971.png,Normal,Normal,0.999861478805542,1
Normal-2979.png,Normal,Normal,0.9988020658493042,1
Normal-2981.png,Normal,Normal,0.9999990463256836,1
Normal-2983.png,Normal,Normal,0.9965163469314575,1
Normal-2985.png,Normal,Normal,0.999998927116394,1
Normal-2986.png,Normal,Normal,0.9943339824676514,1
Normal-2990.png,Normal,Normal,0.9999595880508423,1
Normal-2991.png,Normal,Normal,0.9996985197067261,1
Normal-3000.png,Normal,Normal,0.9995086193084717,1
Normal-3004.png,Normal,Normal,0.9999768733978271,1
Normal-3007.png,Normal,Normal,0.9995526671409607,1
Normal-3013.png,Normal,Normal,0.9992915391921997,1
Normal-3018.png,Normal,Normal,0.9999933242797852,1
Normal-3020.png,Normal,Normal,0.9997593760490417,1
Normal-3023.png,Normal,Normal,0.717656135559082,1
Normal-3027.png,Normal,Normal,0.9994822144508362,1
Normal-3031.png,Normal,Normal,0.9980459213256836,1
Normal-3034.png,Normal,Normal,0.7369893193244934,1
Normal-3037.png,Normal,Normal,0.9997990727424622,1
Normal-3038.png,Normal,Normal,0.9998953342437744,1
Normal-3039.png,Normal,Normal,0.9997736811637878,1
Normal-3042.png,Normal,Normal,0.9999487400054932,1
Normal-3045.png,Normal,Normal,0.9999798536300659,1
Normal-3047.png,Normal,Normal,0.9999979734420776,1
Normal-3053.png,Normal,Normal,0.9978373646736145,1
Normal-3061.png,Normal,Normal,0.9998650550842285,1
Normal-3066.png,Normal,Normal,0.9999189376831055,1
Normal-3068.png,Normal,Normal,0.9998177886009216,1
Normal-3081.png,Normal,Normal,0.8301529884338379,1
Normal-3082.png,Normal,Normal,0.9789361953735352,1
Normal-3083.png,Normal,Normal,0.9963794350624084,1
Normal-3084.png,Normal,Normal,0.9998955726623535,1
Normal-3089.png,Normal,Normal,0.9992172718048096,1
Normal-3093.png,Normal,Normal,0.9999990463256836,1
Normal-3094.png,Normal,Normal,0.9999988079071045,1
Normal-3095.png,Normal,Normal,0.9999798536300659,1
Normal-3105.png,Normal,Normal,0.9998966455459595,1
Normal-3110.png,Normal,Normal,0.9999812841415405,1
Normal-3117.png,Normal,Normal,0.9999995231628418,1
Normal-3119.png,Normal,Normal,0.9994786381721497,1
Normal-3130.png,Normal,Normal,0.9994366765022278,1
Normal-3131.png,Normal,Normal,0.9988125562667847,1
Normal-3132.png,Normal,Normal,0.9995162487030029,1
Normal-3134.png,Normal,Normal,0.999875545501709,1
Normal-3139.png,Normal,Normal,0.9638029336929321,1
Normal-3140.png,Normal,Normal,0.9999984502792358,1
Normal-3147.png,Normal,Normal,0.9978086352348328,1
Normal-3149.png,Normal,Normal,0.9927534461021423,1
Normal-3158.png,Normal,Normal,0.9948498606681824,1
Normal-3161.png,Normal,Normal,0.9993671774864197,1
Normal-3165.png,Normal,Normal,0.9999797344207764,1
Normal-3176.png,Normal,Normal,0.9923458099365234,1
Normal-3177.png,Normal,Normal,0.9999518394470215,1
Normal-3183.png,Normal,Normal,0.9985760450363159,1
Normal-3186.png,Normal,Normal,0.9951139688491821,1
Normal-3187.png,Normal,Normal,0.8510575890541077,1
Normal-3197.png,Normal,Normal,0.998489260673523,1
Normal-3203.png,Normal,Normal,0.9677621722221375,1
Normal-3207.png,Normal,Normal,0.999990701675415,1
Normal-3216.png,Normal,Normal,0.9998409748077393,1
Normal-3217.png,Normal,Normal,0.8690641522407532,1
Normal-3219.png,Normal,Normal,0.9956703186035156,1
Normal-3220.png,Normal,Normal,0.9948920011520386,1
Normal-3232.png,Normal,Normal,0.9999810457229614,1
Normal-3236.png,Normal,Normal,0.9999710321426392,1
Normal-3238.png,Normal,Normal,0.9926152229309082,1
Normal-3240.png,Normal,Normal,0.9997420907020569,1
Normal-3241.png,Normal,Normal,0.9999996423721313,1
Normal-3245.png,Normal,Normal,0.9932947754859924,1
Normal-3259.png,Normal,Normal,0.9947629570960999,1
Normal-3260.png,Normal,Normal,0.9974247217178345,1
Normal-3271.png,Normal,Normal,0.9989486336708069,1
Normal-3272.png,Normal,Normal,0.9987574815750122,1
Normal-3276.png,Normal,Normal,0.9984399676322937,1
Normal-3280.png,Normal,Normal,0.9993135929107666,1
Normal-3282.png,Normal,Normal,0.9703330993652344,1
Normal-3286.png,Normal,Normal,0.999849796295166,1
Normal-3306.png,Normal,Normal,0.999993085861206,1
Normal-3320.png,Normal,Normal,0.9997573494911194,1
Normal-3332.png,Normal,Normal,0.9937465190887451,1
Normal-3350.png,Normal,Normal,0.9998698234558105,1
Normal-3360.png,Normal,Normal,0.7780762314796448,1
Normal-3368.png,Normal,Normal,0.9999064207077026,1
Normal-3379.png,Normal,Normal,0.9995242357254028,1
Normal-3381.png,Normal,Normal,0.9988228678703308,1
Normal-3390.png,Normal,Normal,0.9999752044677734,1
Normal-3396.png,Normal,Normal,0.9980893731117249,1
Normal-3398.png,Normal,Normal,0.9989829659461975,1
Normal-3400.png,Normal,Normal,0.9758344888687134,1
Normal-3407.png,Normal,Normal,0.9965720176696777,1
Normal-3408.png,Normal,Normal,0.9982838034629822,1
Normal-3410.png,Normal,Normal,0.9998844861984253,1
Normal-3414.png,Normal,Normal,0.9992769360542297,1
Normal-3425.png,Normal,Normal,0.9570924639701843,1
Normal-3429.png,Normal,Normal,0.9734262824058533,1
Normal-3431.png,Normal,Normal,0.99998939037323,1
Normal-3436.png,Normal,Normal,0.9999544620513916,1
Normal-3440.png,Normal,Normal,0.9983708262443542,1
Normal-3465.png,Normal,Normal,0.9999781847000122,1
Normal-3467.png,Normal,Normal,0.9971109628677368,1
Normal-3484.png,Normal,Normal,0.9912039041519165,1
Normal-3488.png,Normal,Normal,0.9998667240142822,1
Normal-3496.png,Normal,Normal,0.9999774694442749,1
Normal-3500.png,Normal,Normal,0.9999723434448242,1
Normal-3507.png,Normal,Normal,0.997150719165802,1
Normal-3515.png,Normal,Normal,0.9999617338180542,1
Normal-3521.png,Normal,Normal,0.9997252821922302,1
Normal-3524.png,Normal,Normal,0.9943807721138,1
Normal-3528.png,Normal,Normal,0.9978665709495544,1
Normal-3535.png,Normal,Normal,0.9994657635688782,1
Normal-3537.png,Normal,Normal,0.9997723698616028,1
Normal-3541.png,Normal,Normal,0.9999773502349854,1
Normal-3543.png,Normal,Normal,0.999422550201416,1
Normal-3545.png,Normal,Normal,0.9977374076843262,1
Normal-3554.png,Normal,Normal,0.9779898524284363,1
Normal-3562.png,Normal,Normal,0.9998279809951782,1
Normal-3564.png,Normal,Normal,0.6909294724464417,1
Normal-3568.png,Normal,Normal,0.9629616141319275,1
Normal-3574.png,Normal,Normal,0.9998282194137573,1
Normal-3575.png,Normal,Normal,0.998656153678894,1
Normal-3594.png,Normal,Normal,0.9476577043533325,1
Normal-3599.png,Normal,Normal,0.9890193343162537,1
Normal-3613.png,Normal,Normal,0.9679219722747803,1
Normal-3615.png,Normal,Normal,0.9999697208404541,1
Normal-3622.png,Normal,Normal,0.999982476234436,1
Normal-3629.png,Normal,Normal,0.9999997615814209,1
Normal-3630.png,Normal,Normal,0.9993902444839478,1
Normal-3632.png,Normal,Normal,0.9998553991317749,1
Normal-3642.png,Normal,Normal,0.9958093166351318,1
Normal-3645.png,Normal,Normal,0.9996832609176636,1
Normal-3654.png,Normal,Normal,0.9999227523803711,1
Normal-3660.png,Normal,Normal,0.9984298348426819,1
Normal-3661.png,Normal,Normal,0.9994099140167236,1
Normal-3664.png,Normal,Normal,0.9956973791122437,1
Normal-3671.png,Normal,Normal,0.9993600249290466,1
Normal-3676.png,Normal,Normal,0.9987899661064148,1
Normal-3677.png,Normal,Normal,0.9999954700469971,1
Normal-3678.png,Normal,Normal,0.9974085688591003,1
Normal-3681.png,Normal,Normal,0.998363196849823,1
Normal-3684.png,Normal,Normal,0.9913015961647034,1
Normal-3689.png,Normal,Normal,0.9999241828918457,1
Normal-3696.png,Normal,Normal,0.6052879095077515,1
Normal-3706.png,Normal,Normal,0.982097327709198,1
Normal-3709.png,Normal,Normal,0.9998006224632263,1
Normal-3718.png,Normal,Normal,0.9997504353523254,1
Normal-3719.png,Normal,Normal,0.9998189806938171,1
Normal-3725.png,Normal,Normal,0.9880056977272034,1
Normal-3742.png,Normal,Normal,1.0,1
Normal-3748.png,Normal,Normal,0.9999479055404663,1
Normal-3752.png,Normal,Normal,0.9999727010726929,1
Normal-3757.png,Normal,Normal,0.9911383986473083,1
Normal-3758.png,Normal,Normal,0.9980720281600952,1
Normal-3771.png,Normal,Normal,0.9953601956367493,1
Normal-3773.png,Normal,Normal,0.9981378316879272,1
Normal-3774.png,Normal,Normal,0.9998291730880737,1
Normal-3776.png,Normal,Normal,0.9999954700469971,1
Normal-3786.png,Normal,Normal,0.9994271993637085,1
Normal-3808.png,Normal,Normal,0.9873540997505188,1
Normal-3810.png,Normal,Normal,0.9976294636726379,1
Normal-3811.png,Normal,Normal,1.0,1
Normal-3812.png,Normal,Normal,0.9989365935325623,1
Normal-3817.png,Normal,Normal,0.9997656941413879,1
Normal-3819.png,Normal,Normal,0.980024516582489,1
Normal-3820.png,Normal,Normal,0.9999462366104126,1
Normal-3823.png,Normal,Normal,0.9988827109336853,1
Normal-3824.png,Normal,Normal,0.9999232292175293,1
Normal-3838.png,Normal,Normal,0.9905303120613098,1
Normal-3839.png,Normal,Normal,0.9999921321868896,1
Normal-3846.png,Normal,Normal,0.9991751313209534,1
Normal-3850.png,Normal,Normal,0.978540301322937,1
Normal-3851.png,Normal,Normal,0.9999979734420776,1
Normal-3854.png,Normal,Normal,0.992394208908081,1
Normal-3859.png,Normal,Normal,0.9996594190597534,1
Normal-3860.png,Normal,Normal,0.9965746402740479,1
Normal-3870.png,Normal,Normal,0.9999992847442627,1
Normal-3873.png,Normal,Normal,0.9997232556343079,1
Normal-3874.png,Normal,Normal,0.8233345746994019,1
Normal-3880.png,Normal,Normal,0.9948925971984863,1
Normal-3881.png,Normal,Normal,0.9987323880195618,1
Normal-3884.png,Normal,Normal,0.9998852014541626,1
Normal-3886.png,Normal,Normal,0.9973843693733215,1
Normal-3889.png,Normal,Normal,0.990840494632721,1
Normal-3892.png,Normal,Normal,0.9999845027923584,1
Normal-3898.png,Normal,Normal,0.9999316930770874,1
Normal-3901.png,Normal,Normal,0.9776923060417175,1
Normal-3917.png,Normal,Normal,0.9975983500480652,1
Normal-3924.png,Normal,Lung_Opacity,0.5438771843910217,0
Normal-3929.png,Normal,Normal,0.9998681545257568,1
Normal-3933.png,Normal,Normal,0.9848446249961853,1
Normal-3938.png,Normal,Normal,0.9578766822814941,1
Normal-3952.png,Normal,Normal,0.9408314228057861,1
Normal-3955.png,Normal,Normal,0.9999529123306274,1
Normal-3956.png,Normal,Normal,0.9995824694633484,1
Normal-3957.png,Normal,Normal,0.9978710412979126,1
Normal-3961.png,Normal,Normal,0.9999628067016602,1
Normal-3964.png,Normal,Normal,0.7833430171012878,1
Normal-3968.png,Normal,Normal,0.9996052384376526,1
Normal-3971.png,Normal,Normal,0.9987426400184631,1
Normal-3984.png,Normal,Normal,0.9673478007316589,1
Normal-3989.png,Normal,Normal,0.9985211491584778,1
Normal-4002.png,Normal,Normal,0.9999901056289673,1
Normal-4009.png,Normal,Normal,0.9999768733978271,1
Normal-4017.png,Normal,Normal,0.9999918937683105,1
Normal-4019.png,Normal,Normal,0.9997664093971252,1
Normal-4020.png,Normal,Normal,0.9997677206993103,1
Normal-4024.png,Normal,Normal,0.9958221912384033,1
Normal-4028.png,Normal,Normal,0.9982942938804626,1
Normal-4039.png,Normal,Normal,0.9989045858383179,1
Normal-4054.png,Normal,Normal,0.9999837875366211,1
Normal-4061.png,Normal,Normal,0.9999731779098511,1
Normal-4063.png,Normal,Normal,0.9999926090240479,1
Normal-4076.png,Normal,Normal,0.9993569254875183,1
Normal-4078.png,Normal,Normal,0.9999316930770874,1
Normal-4081.png,Normal,Normal,0.9999768733978271,1
Normal-4088.png,Normal,Normal,0.9999957084655762,1
Normal-4089.png,Normal,Normal,0.9764053821563721,1
Normal-4092.png,Normal,Normal,0.9988800883293152,1
Normal-4093.png,Normal,Normal,0.9988760352134705,1
Normal-4095.png,Normal,Normal,0.9764156937599182,1
Normal-4100.png,Normal,Normal,0.9999915361404419,1
Normal-4103.png,Normal,Normal,0.9386202692985535,1
Normal-4109.png,Normal,Normal,0.9999666213989258,1
Normal-4113.png,Normal,Normal,0.9142923951148987,1
Normal-4115.png,Normal,Normal,0.5148419737815857,1
Normal-4119.png,Normal,Normal,0.9783529043197632,1
Normal-4123.png,Normal,Normal,0.9328224062919617,1
Normal-4151.png,Normal,Normal,0.9932228326797485,1
Normal-4152.png,Normal,Normal,0.9999942779541016,1
Normal-4156.png,Normal,Normal,0.999480664730072,1
Normal-4176.png,Normal,Normal,0.9518371224403381,1
Normal-4181.png,Normal,Normal,0.9999786615371704,1
Normal-4182.png,Normal,Normal,0.9997957348823547,1
Normal-4183.png,Normal,Normal,0.9961687922477722,1
Normal-4184.png,Normal,Normal,0.9997119307518005,1
Normal-4185.png,Normal,Normal,0.999941349029541,1
Normal-4186.png,Normal,Lung_Opacity,0.9485690593719482,0
Normal-4188.png,Normal,Normal,0.9992191791534424,1
Normal-4191.png,Normal,Normal,0.9302225112915039,1
Normal-4201.png,Normal,Normal,0.5064002275466919,1
Normal-4215.png,Normal,Normal,0.9942829608917236,1
Normal-4218.png,Normal,Lung_Opacity,0.7553502321243286,0
Normal-4219.png,Normal,Normal,0.9971221089363098,1
Normal-4228.png,Normal,Normal,0.9926400184631348,1
Normal-4229.png,Normal,Normal,0.9848105311393738,1
Normal-4234.png,Normal,Normal,0.9995892643928528,1
Normal-4239.png,Normal,Normal,0.9998196959495544,1
Normal-4240.png,Normal,Normal,0.9999808073043823,1
Normal-4243.png,Normal,Normal,0.9999949932098389,1
Normal-4251.png,Normal,Normal,0.9996277093887329,1
Normal-4254.png,Normal,Normal,0.9999845027923584,1
Normal-4262.png,Normal,Normal,0.992594301700592,1
Normal-4263.png,Normal,Lung_Opacity,0.5672151446342468,0
Normal-4268.png,Normal,COVID,0.7780457139015198,0
Normal-4269.png,Normal,Normal,0.9991914629936218,1
Normal-4275.png,Normal,Normal,0.999788224697113,1
Normal-4277.png,Normal,Normal,0.9995402097702026,1
Normal-4285.png,Normal,Normal,0.9980459213256836,1
Normal-4288.png,Normal,Normal,0.9999048709869385,1
Normal-4293.png,Normal,Normal,0.9999772310256958,1
Normal-4296.png,Normal,Normal,0.9981387853622437,1
Normal-4299.png,Normal,Normal,0.9995076656341553,1
Normal-4300.png,Normal,Normal,0.9975067973136902,1
Normal-4301.png,Normal,Normal,0.9806766510009766,1
Normal-4303.png,Normal,Normal,0.9993754029273987,1
Normal-4311.png,Normal,Normal,0.9143994450569153,1
Normal-4312.png,Normal,Normal,0.9999513626098633,1
Normal-4318.png,Normal,Normal,0.9999781847000122,1
Normal-4321.png,Normal,Normal,0.9969375133514404,1
Normal-4322.png,Normal,Normal,0.9974486231803894,1
Normal-4328.png,Normal,Normal,0.999934196472168,1
Normal-4330.png,Normal,Normal,0.9980752468109131,1
Normal-4331.png,Normal,Normal,0.9999333620071411,1
Normal-4333.png,Normal,Normal,0.9905617833137512,1
Normal-4336.png,Normal,Normal,0.9999765157699585,1
Normal-4342.png,Normal,Normal,0.9992885589599609,1
Normal-4349.png,Normal,Normal,0.9688735604286194,1
Normal-4350.png,Normal,Normal,0.9999967813491821,1
Normal-4351.png,Normal,Normal,0.9998039603233337,1
Normal-4355.png,Normal,Normal,0.998705267906189,1
Normal-4356.png,Normal,Normal,0.9993084669113159,1
Normal-4360.png,Normal,Normal,0.9996157884597778,1
Normal-4366.png,Normal,Normal,0.9999773502349854,1
Normal-4369.png,Normal,Normal,0.9981707334518433,1
Normal-4371.png,Normal,Normal,0.9991732239723206,1
Normal-4375.png,Normal,Normal,0.9983733892440796,1
Normal-4378.png,Normal,Normal,0.9195467233657837,1
Normal-4383.png,Normal,Normal,0.9997038245201111,1
Normal-4391.png,Normal,Normal,0.9999775886535645,1
Normal-4395.png,Normal,Normal,0.9985504746437073,1
Normal-4404.png,Normal,Normal,0.9982966780662537,1
Normal-4407.png,Normal,Normal,0.9997254014015198,1
Normal-4409.png,Normal,Normal,0.9978200197219849,1
Normal-4413.png,Normal,Normal,0.9999997615814209,1
Normal-4415.png,Normal,Normal,0.8103400468826294,1
Normal-4420.png,Normal,Normal,0.9980806112289429,1
Normal-4429.png,Normal,Normal,0.9999872446060181,1
Normal-4432.png,Normal,Normal,0.9989443421363831,1
Normal-4444.png,Normal,Normal,0.9944868683815002,1
Normal-4461.png,Normal,Normal,0.9999955892562866,1
Normal-4478.png,Normal,Normal,0.9979285001754761,1
Normal-4483.png,Normal,Normal,0.9978070855140686,1
Normal-4484.png,Normal,Normal,0.8788778781890869,1
Normal-4491.png,Normal,Normal,0.9997889399528503,1
Normal-4504.png,Normal,COVID,0.5107460021972656,0
Normal-4508.png,Normal,Normal,0.9987844824790955,1
Normal-4512.png,Normal,Normal,0.9999909400939941,1
Normal-4513.png,Normal,Normal,0.996029257774353,1
Normal-4514.png,Normal,Normal,0.9992904663085938,1
Normal-4516.png,Normal,Normal,0.9991944432258606,1
Normal-4523.png,Normal,Normal,0.9999687671661377,1
Normal-4527.png,Normal,Normal,0.9977066516876221,1
Normal-4530.png,Normal,Normal,0.9996040463447571,1
Normal-4536.png,Normal,Lung_Opacity,0.8170745968818665,0
Normal-4538.png,Normal,Normal,0.7907317280769348,1
Normal-4542.png,Normal,Lung_Opacity,0.9974427223205566,0
Normal-4544.png,Normal,Normal,0.9996461868286133,1
Normal-4550.png,Normal,Normal,0.9805704951286316,1
Normal-4560.png,Normal,Normal,0.9338705539703369,1
Normal-4563.png,Normal,Normal,0.6751028299331665,1
Normal-4568.png,Normal,Normal,0.9999374151229858,1
Normal-4569.png,Normal,Normal,0.9999991655349731,1
Normal-4571.png,Normal,Normal,0.9796985387802124,1
Normal-4577.png,Normal,Normal,0.9932706952095032,1
Normal-4579.png,Normal,Lung_Opacity,0.9779688715934753,0
Normal-4585.png,Normal,Lung_Opacity,0.9730994701385498,0
Normal-4588.png,Normal,Normal,0.9998586177825928,1
Normal-4594.png,Normal,Normal,0.9994408488273621,1
Normal-4607.png,Normal,Normal,0.9983946681022644,1
Normal-4609.png,Normal,Normal,0.9999948740005493,1
Normal-4612.png,Normal,Normal,0.9999434947967529,1
Normal-4616.png,Normal,Normal,0.9989840388298035,1
Normal-4617.png,Normal,Normal,0.9998161196708679,1
Normal-4636.png,Normal,Normal,0.9999994039535522,1
Normal-4638.png,Normal,Normal,0.999789297580719,1
Normal-4645.png,Normal,Normal,0.9991809725761414,1
Normal-4647.png,Normal,Normal,0.9985983967781067,1
Normal-4649.png,Normal,Normal,0.9998453855514526,1
Normal-4651.png,Normal,Normal,0.9999984502792358,1
Normal-4657.png,Normal,Normal,0.9873665571212769,1
Normal-4660.png,Normal,Normal,0.9997798800468445,1
Normal-4671.png,Normal,Normal,0.997468113899231,1
Normal-4674.png,Normal,Lung_Opacity,0.9416354298591614,0
Normal-4676.png,Normal,Normal,0.9559751152992249,1
Normal-4678.png,Normal,Normal,0.9992209672927856,1
Normal-4682.png,Normal,Normal,0.9948509335517883,1
Normal-4685.png,Normal,Normal,0.9989635944366455,1
Normal-4688.png,Normal,Normal,0.9990096092224121,1
Normal-4693.png,Normal,Normal,0.9917799830436707,1
Normal-4696.png,Normal,Normal,0.9220268726348877,1
Normal-4711.png,Normal,Normal,0.999916672706604,1
Normal-4712.png,Normal,Normal,0.9999469518661499,1
Normal-4718.png,Normal,Normal,0.9966086149215698,1
Normal-4723.png,Normal,Lung_Opacity,0.755189836025238,0
Normal-4726.png,Normal,Normal,0.9981856942176819,1
Normal-4728.png,Normal,Normal,0.9999507665634155,1
Normal-4730.png,Normal,Normal,0.9999864101409912,1
Normal-4747.png,Normal,Normal,0.9997983574867249,1
Normal-4748.png,Normal,Normal,0.9829796552658081,1
Normal-4760.png,Normal,Normal,0.9492785930633545,1
Normal-4761.png,Normal,Normal,0.99997878074646,1
Normal-4762.png,Normal,Normal,0.9940999150276184,1
Normal-4766.png,Normal,Normal,0.997853696346283,1
Normal-4776.png,Normal,Normal,0.9999833106994629,1
Normal-4783.png,Normal,Normal,0.9950631260871887,1
Normal-4785.png,Normal,Normal,0.9992108345031738,1
Normal-4792.png,Normal,Normal,0.9916855096817017,1
Normal-4794.png,Normal,Normal,0.9994720816612244,1
Normal-4797.png,Normal,Normal,0.9998916387557983,1
Normal-4800.png,Normal,Normal,0.9999101161956787,1
Normal-4804.png,Normal,Normal,0.997992992401123,1
Normal-4815.png,Normal,Normal,0.9971038699150085,1
Normal-4818.png,Normal,Normal,0.9937386512756348,1
Normal-4826.png,Normal,Normal,0.9996427297592163,1
Normal-4830.png,Normal,Normal,0.9949885010719299,1
Normal-4831.png,Normal,Normal,0.999998927116394,1
Normal-4834.png,Normal,Normal,0.9999173879623413,1
Normal-4839.png,Normal,Normal,0.999992847442627,1
Normal-4847.png,Normal,Lung_Opacity,0.99561607837677,0
Normal-4854.png,Normal,Normal,0.9816219210624695,1
Normal-4858.png,Normal,Normal,0.9987857937812805,1
Normal-4859.png,Normal,Normal,0.9999923706054688,1
Normal-4862.png,Normal,Normal,0.9947282671928406,1
Normal-4866.png,Normal,Normal,0.9999923706054688,1
Normal-4868.png,Normal,Normal,0.9999805688858032,1
Normal-4889.png,Normal,Normal,0.9999939203262329,1
Normal-4891.png,Normal,Normal,0.9993089437484741,1
Normal-4894.png,Normal,Normal,0.9973224997520447,1
Normal-4899.png,Normal,Normal,0.9967003464698792,1
Normal-4917.png,Normal,Normal,0.9999113082885742,1
Normal-4924.png,Normal,Normal,0.999982476234436,1
Normal-4926.png,Normal,Normal,0.9671311974525452,1
Normal-4927.png,Normal,Lung_Opacity,0.7893562316894531,0
Normal-4928.png,Normal,Normal,0.9980689883232117,1
Normal-4929.png,Normal,Lung_Opacity,0.9012179374694824,0
Normal-4932.png,Normal,Normal,0.9882388114929199,1
Normal-4940.png,Normal,Normal,0.9916142225265503,1
Normal-4943.png,Normal,Normal,0.9999423027038574,1
Normal-4944.png,Normal,Normal,0.9952622652053833,1
Normal-4953.png,Normal,Normal,0.9999995231628418,1
Normal-4954.png,Normal,Normal,0.9854261875152588,1
Normal-4963.png,Normal,Normal,0.9999862909317017,1
Normal-4968.png,Normal,Normal,0.9986183643341064,1
Normal-4970.png,Normal,Normal,0.9882014393806458,1
Normal-4972.png,Normal,Normal,0.8835613131523132,1
Normal-4976.png,Normal,Normal,0.9988346695899963,1
Normal-4980.png,Normal,Normal,0.9996453523635864,1
Normal-4995.png,Normal,Normal,0.998053789138794,1
Normal-4996.png,Normal,Normal,0.9996819496154785,1
Normal-4998.png,Normal,Normal,0.9978410005569458,1
Normal-5003.png,Normal,Normal,0.864875853061676,1
Normal-5007.png,Normal,Normal,0.9995854496955872,1
Normal-5009.png,Normal,Normal,0.999953031539917,1
Normal-5014.png,Normal,Normal,0.9920645356178284,1
Normal-5025.png,Normal,Lung_Opacity,0.9999886751174927,0
Normal-5033.png,Normal,Normal,0.995144784450531,1
Normal-5037.png,Normal,Normal,0.9514065980911255,1
Normal-5038.png,Normal,Normal,0.998674750328064,1
Normal-5041.png,Normal,Normal,0.99972003698349,1
Normal-5042.png,Normal,Normal,0.9999995231628418,1
Normal-5045.png,Normal,Normal,0.9999399185180664,1
Normal-5053.png,Normal,Normal,0.7899621725082397,1
Normal-5064.png,Normal,Normal,0.9999949932098389,1
Normal-5065.png,Normal,Normal,0.9998252987861633,1
Normal-5066.png,Normal,Normal,0.9999991655349731,1
Normal-5068.png,Normal,Normal,0.9999912977218628,1
Normal-5081.png,Normal,Normal,0.9987372756004333,1
Normal-5085.png,Normal,Normal,0.8555348515510559,1
Normal-5087.png,Normal,Normal,0.9483466744422913,1
Normal-5098.png,Normal,Normal,0.9999817609786987,1
Normal-5106.png,Normal,Normal,0.547340452671051,1
Normal-5114.png,Normal,Normal,0.97298663854599,1
Normal-5121.png,Normal,Normal,0.9998843669891357,1
Normal-5122.png,Normal,Normal,0.9998824596405029,1
Normal-5131.png,Normal,Normal,0.9997603297233582,1
Normal-5133.png,Normal,Normal,0.9999654293060303,1
Normal-5135.png,Normal,Normal,0.8219401836395264,1
Normal-5138.png,Normal,Normal,0.9829896688461304,1
Normal-5139.png,Normal,Normal,0.9490904211997986,1
Normal-5142.png,Normal,Normal,0.9448277950286865,1
Normal-5146.png,Normal,Normal,0.8485678434371948,1
Normal-5151.png,Normal,Normal,0.999890923500061,1
Normal-5153.png,Normal,Normal,0.9911196827888489,1
Normal-5154.png,Normal,Normal,0.9735817313194275,1
Normal-5155.png,Normal,Normal,0.9981003403663635,1
Normal-5168.png,Normal,Normal,0.9185103178024292,1
Normal-5190.png,Normal,Normal,0.9229828119277954,1
Normal-5193.png,Normal,Normal,0.9980702996253967,1
Normal-5194.png,Normal,Normal,0.9995530247688293,1
Normal-5203.png,Normal,Normal,0.9996960163116455,1
Normal-5206.png,Normal,Normal,0.9950923919677734,1
Normal-5207.png,Normal,Normal,0.9999336004257202,1
Normal-5221.png,Normal,Normal,0.9999748468399048,1
Normal-5229.png,Normal,Normal,0.9997254014015198,1
Normal-5230.png,Normal,Normal,0.997808039188385,1
Normal-5240.png,Normal,Normal,0.9993649125099182,1
Normal-5242.png,Normal,Normal,0.9999953508377075,1
Normal-5248.png,Normal,Normal,0.9923753142356873,1
Normal-5250.png,Normal,Normal,0.9992362260818481,1
Normal-5256.png,Normal,Normal,0.9938368201255798,1
Normal-5262.png,Normal,Normal,0.9955981373786926,1
Normal-5264.png,Normal,Normal,0.9999991655349731,1
Normal-5267.png,Normal,Normal,0.9999951124191284,1
Normal-5280.png,Normal,Normal,0.9642391800880432,1
Normal-5284.png,Normal,Normal,0.9999985694885254,1
Normal-5290.png,Normal,Normal,0.9975649118423462,1
Normal-5293.png,Normal,Normal,0.9999585151672363,1
Normal-5303.png,Normal,Normal,0.9599088430404663,1
Normal-5309.png,Normal,Normal,0.9999206066131592,1
Normal-5312.png,Normal,Normal,0.9992320537567139,1
Normal-5316.png,Normal,Normal,0.9991829991340637,1
Normal-5319.png,Normal,Normal,0.9998795986175537,1
Normal-5320.png,Normal,Normal,0.6921712160110474,1
Normal-5324.png,Normal,Normal,0.9999897480010986,1
Normal-5328.png,Normal,Lung_Opacity,0.7775797247886658,0
Normal-5330.png,Normal,Normal,0.9974848031997681,1
Normal-5341.png,Normal,Normal,0.9916433691978455,1
Normal-5345.png,Normal,Lung_Opacity,0.713861346244812,0
Normal-5354.png,Normal,Normal,0.9998648166656494,1
Normal-5356.png,Normal,Normal,0.9995958209037781,1
Normal-5357.png,Normal,Normal,0.9907733201980591,1
Normal-5370.png,Normal,Normal,0.9994317889213562,1
Normal-5371.png,Normal,Normal,0.9996127486228943,1
Normal-5373.png,Normal,Normal,0.9999306201934814,1
Normal-5374.png,Normal,Normal,0.997650682926178,1
Normal-5384.png,Normal,Normal,0.9628371596336365,1
Normal-5393.png,Normal,Normal,0.9917774200439453,1
Normal-5397.png,Normal,Normal,0.9999939203262329,1
Normal-5398.png,Normal,COVID,0.6496278643608093,0
Normal-5404.png,Normal,Normal,0.9993429780006409,1
Normal-5408.png,Normal,Normal,0.997765064239502,1
Normal-5412.png,Normal,Normal,0.996721088886261,1
Normal-5424.png,Normal,Lung_Opacity,0.9996182918548584,0
Normal-5426.png,Normal,Normal,0.9795573949813843,1
Normal-5431.png,Normal,Normal,0.9074472784996033,1
Normal-5436.png,Normal,Normal,0.969738245010376,1
Normal-5440.png,Normal,Normal,0.9976056814193726,1
Normal-5444.png,Normal,Normal,0.9937517046928406,1
Normal-5449.png,Normal,Normal,0.9999557733535767,1
Normal-5468.png,Normal,Normal,0.999226450920105,1
Normal-5485.png,Normal,Lung_Opacity,0.4149072468280792,0
Normal-5493.png,Normal,Normal,0.999972939491272,1
Normal-5494.png,Normal,Normal,0.9758519530296326,1
Normal-5495.png,Normal,Normal,0.9996707439422607,1
Normal-5498.png,Normal,Normal,0.9984375834465027,1
Normal-5500.png,Normal,Normal,0.9855884909629822,1
Normal-5521.png,Normal,Lung_Opacity,0.7439749240875244,0
Normal-5540.png,Normal,Normal,0.9997740387916565,1
Normal-5544.png,Normal,Normal,0.9998327493667603,1
Normal-5547.png,Normal,Normal,0.9991286396980286,1
Normal-5557.png,Normal,Normal,0.9999992847442627,1
Normal-5559.png,Normal,Normal,0.9974249601364136,1
Normal-5560.png,Normal,Normal,0.9998757839202881,1
Normal-5564.png,Normal,Normal,0.997417688369751,1
Normal-5566.png,Normal,Normal,0.8993382453918457,1
Normal-5574.png,Normal,Normal,0.9946346282958984,1
Normal-5592.png,Normal,Normal,0.9654464721679688,1
Normal-5593.png,Normal,Normal,0.9997403025627136,1
Normal-5595.png,Normal,Normal,0.9999183416366577,1
Normal-5601.png,Normal,Normal,0.9953007698059082,1
Normal-5605.png,Normal,Normal,0.9999150037765503,1
Normal-5608.png,Normal,Normal,0.9999961853027344,1
Normal-5612.png,Normal,Normal,0.9992936849594116,1
Normal-5615.png,Normal,Normal,0.986958920955658,1
Normal-5617.png,Normal,Normal,0.9998257756233215,1
Normal-5634.png,Normal,Normal,0.99994957447052,1
Normal-5641.png,Normal,Normal,0.998931348323822,1
Normal-5645.png,Normal,Normal,0.9971151351928711,1
Normal-5661.png,Normal,Normal,0.9991694688796997,1
Normal-5665.png,Normal,Normal,0.9936485886573792,1
Normal-5673.png,Normal,Normal,0.9950212240219116,1
Normal-5675.png,Normal,Normal,0.9997264742851257,1
Normal-5680.png,Normal,Normal,0.9931204319000244,1
Normal-5689.png,Normal,Normal,0.9999610185623169,1
Normal-5692.png,Normal,Normal,0.9991958737373352,1
Normal-5693.png,Normal,Normal,0.9816206097602844,1
Normal-5697.png,Normal,Normal,0.998066246509552,1
Normal-5698.png,Normal,Normal,0.9979896545410156,1
Normal-5699.png,Normal,Normal,0.9999971389770508,1
Normal-5704.png,Normal,Normal,0.9996709823608398,1
Normal-5705.png,Normal,Normal,0.9999967813491821,1
Normal-5713.png,Normal,Normal,0.9763204455375671,1
Normal-5721.png,Normal,Normal,0.9933134913444519,1
Normal-5725.png,Normal,Normal,0.9996999502182007,1
Normal-5730.png,Normal,Normal,0.9999653100967407,1
Normal-5732.png,Normal,Normal,0.9984918832778931,1
Normal-5734.png,Normal,Normal,0.9998970031738281,1
Normal-5741.png,Normal,Normal,0.999731719493866,1
Normal-5742.png,Normal,Normal,0.9995408058166504,1
Normal-5746.png,Normal,Normal,0.9996963739395142,1
Normal-5757.png,Normal,Normal,0.9999990463256836,1
Normal-5760.png,Normal,Normal,0.9999995231628418,1
Normal-5766.png,Normal,Normal,0.9977211356163025,1
Normal-5770.png,Normal,Normal,0.9948169589042664,1
Normal-5776.png,Normal,Normal,0.9999929666519165,1
Normal-5779.png,Normal,Normal,0.9998971223831177,1
Normal-5783.png,Normal,Normal,0.9999992847442627,1
Normal-5790.png,Normal,Normal,0.9754658341407776,1
Normal-5791.png,Normal,Normal,0.9963276982307434,1
Normal-5795.png,Normal,Normal,0.9993845224380493,1
Normal-5802.png,Normal,Normal,0.9998815059661865,1
Normal-5807.png,Normal,Normal,0.999362051486969,1
Normal-5814.png,Normal,Normal,0.8017879128456116,1
Normal-5825.png,Normal,Normal,0.9999619722366333,1
Normal-5828.png,Normal,Normal,0.7075485587120056,1
Normal-5829.png,Normal,Normal,0.9964764714241028,1
Normal-5830.png,Normal,Normal,0.9327459931373596,1
Normal-5831.png,Normal,Normal,0.9963341951370239,1
Normal-5838.png,Normal,Normal,0.9993928670883179,1
Normal-5845.png,Normal,Normal,0.9995457530021667,1
Normal-5846.png,Normal,Normal,0.9998525381088257,1
Normal-5852.png,Normal,Normal,0.9996851682662964,1
Normal-5855.png,Normal,Normal,0.9984515905380249,1
Normal-5869.png,Normal,Normal,0.9970868229866028,1
Normal-5873.png,Normal,Normal,0.9999920129776001,1
Normal-5874.png,Normal,Normal,0.999830961227417,1
Normal-5877.png,Normal,Normal,0.9777594208717346,1
Normal-5881.png,Normal,Normal,0.9997166991233826,1
Normal-5891.png,Normal,Normal,0.9999755620956421,1
Normal-5897.png,Normal,Normal,0.9999943971633911,1
Normal-5898.png,Normal,Normal,0.9993078708648682,1
Normal-5900.png,Normal,Normal,0.9998941421508789,1
Normal-5902.png,Normal,Normal,0.9999793767929077,1
Normal-5912.png,Normal,Normal,0.9973803162574768,1
Normal-5913.png,Normal,Lung_Opacity,0.8744174242019653,0
Normal-5914.png,Normal,Normal,0.9708085060119629,1
Normal-5915.png,Normal,Normal,0.9998551607131958,1
Normal-5921.png,Normal,Normal,0.9999998807907104,1
Normal-5932.png,Normal,Normal,0.9999945163726807,1
Normal-5933.png,Normal,Normal,0.999980092048645,1
Normal-5936.png,Normal,Normal,0.9933711290359497,1
Normal-5939.png,Normal,Normal,0.9968975782394409,1
Normal-5940.png,Normal,Normal,0.9992725253105164,1
Normal-5945.png,Normal,Normal,0.9892920255661011,1
Normal-5948.png,Normal,Lung_Opacity,0.6881901621818542,0
Normal-5956.png,Normal,Normal,0.9998904466629028,1
Normal-5958.png,Normal,Normal,0.9069280028343201,1
Normal-5959.png,Normal,Normal,0.9985678195953369,1
Normal-5968.png,Normal,Normal,0.9999115467071533,1
Normal-5969.png,Normal,Normal,0.9858154058456421,1
Normal-5970.png,Normal,Normal,0.9999982118606567,1
Normal-5975.png,Normal,Normal,0.9999006986618042,1
Normal-5978.png,Normal,Normal,0.9999001026153564,1
Normal-5989.png,Normal,Normal,0.9994024038314819,1
Normal-6001.png,Normal,Normal,0.998244047164917,1
Normal-6006.png,Normal,Normal,0.997759222984314,1
Normal-6008.png,Normal,Normal,0.9990494847297668,1
Normal-6011.png,Normal,Normal,0.9999953508377075,1
Normal-6026.png,Normal,Normal,0.9999399185180664,1
Normal-6027.png,Normal,Normal,0.9999991655349731,1
Normal-6031.png,Normal,Normal,0.9995390176773071,1
Normal-6033.png,Normal,Normal,0.9999908208847046,1
Normal-6035.png,Normal,Normal,0.997261643409729,1
Normal-6038.png,Normal,Normal,0.9980929493904114,1
Normal-6039.png,Normal,Normal,0.9999796152114868,1
Normal-6042.png,Normal,Normal,0.9999607801437378,1
Normal-6045.png,Normal,Normal,0.9994833469390869,1
Normal-6049.png,Normal,Normal,0.9944802522659302,1
Normal-6051.png,Normal,Normal,0.983601987361908,1
Normal-6058.png,Normal,Normal,0.9999368190765381,1
Normal-6066.png,Normal,Normal,0.9951701760292053,1
Normal-6072.png,Normal,Normal,0.9999698400497437,1
Normal-6079.png,Normal,Normal,0.9994528889656067,1
Normal-6082.png,Normal,Normal,0.9999812841415405,1
Normal-6083.png,Normal,Normal,0.9999502897262573,1
Normal-6084.png,Normal,Normal,0.6420208215713501,1
Normal-6093.png,Normal,Normal,0.9998843669891357,1
Normal-6097.png,Normal,Normal,0.9987521171569824,1
Normal-6100.png,Normal,Normal,0.9990135431289673,1
Normal-6104.png,Normal,Normal,0.9998483657836914,1
Normal-6108.png,Normal,Normal,0.9999772310256958,1
Normal-6110.png,Normal,Normal,0.9995895028114319,1
Normal-6113.png,Normal,Normal,0.9991452693939209,1
Normal-6126.png,Normal,Normal,0.9994919300079346,1
Normal-6128.png,Normal,Normal,0.9965699911117554,1
Normal-6130.png,Normal,Normal,0.9998635053634644,1
Normal-6132.png,Normal,Normal,0.8619616031646729,1
Normal-6143.png,Normal,Normal,0.7663971781730652,1
Normal-6145.png,Normal,Normal,0.996353268623352,1
Normal-6153.png,Normal,Normal,0.9978888630867004,1
Normal-6158.png,Normal,Normal,0.9994940757751465,1
Normal-6159.png,Normal,Normal,0.9981215596199036,1
Normal-6164.png,Normal,Normal,0.9996769428253174,1
Normal-6168.png,Normal,Normal,0.9958904385566711,1
Normal-6170.png,Normal,Normal,0.9972984194755554,1
Normal-6171.png,Normal,Normal,0.9862434267997742,1
Normal-6173.png,Normal,Normal,0.9999927282333374,1
Normal-6177.png,Normal,Lung_Opacity,0.5123937129974365,0
Normal-6183.png,Normal,Normal,0.9981493949890137,1
Normal-6185.png,Normal,Normal,0.9982649683952332,1
Normal-6186.png,Normal,Normal,0.9995455145835876,1
Normal-6189.png,Normal,Normal,0.9220753312110901,1
Normal-6193.png,Normal,Normal,0.9998983144760132,1
Normal-6201.png,Normal,Normal,0.9996681213378906,1
Normal-6202.png,Normal,Normal,0.9989797472953796,1
Normal-6204.png,Normal,Normal,0.9992004036903381,1
Normal-6205.png,Normal,Normal,0.9861358404159546,1
Normal-6208.png,Normal,Normal,0.9987444877624512,1
Normal-6213.png,Normal,Normal,0.9999207258224487,1
Normal-6214.png,Normal,Normal,0.9850627183914185,1
Normal-6218.png,Normal,Normal,0.9993507266044617,1
Normal-6230.png,Normal,Normal,0.9992486834526062,1
Normal-6237.png,Normal,Normal,0.9999068975448608,1
Normal-6250.png,Normal,Normal,0.9966378211975098,1
Normal-6251.png,Normal,Normal,0.9784653782844543,1
Normal-6256.png,Normal,Normal,0.9999765157699585,1
Normal-6265.png,Normal,Normal,0.9806667566299438,1
Normal-6278.png,Normal,Normal,0.9995179176330566,1
Normal-6279.png,Normal,Normal,0.9868616461753845,1
Normal-6283.png,Normal,Normal,0.9998931884765625,1
Normal-6284.png,Normal,Normal,0.9837509989738464,1
Normal-6288.png,Normal,Normal,0.9993769526481628,1
Normal-6303.png,Normal,Normal,0.999849796295166,1
Normal-6306.png,Normal,Normal,0.9992488026618958,1
Normal-6311.png,Normal,Normal,0.9640377163887024,1
Normal-6313.png,Normal,Normal,0.9942265748977661,1
Normal-6320.png,Normal,Normal,0.9999881982803345,1
Normal-6328.png,Normal,Normal,0.9986909031867981,1
Normal-6331.png,Normal,Normal,0.9999270439147949,1
Normal-6334.png,Normal,Normal,0.932144820690155,1
Normal-6335.png,Normal,Normal,0.9998351335525513,1
Normal-6338.png,Normal,Normal,0.9981783628463745,1
Normal-6339.png,Normal,Normal,0.9996509552001953,1
Normal-6342.png,Normal,Normal,0.9999716281890869,1
Normal-6344.png,Normal,Normal,0.9971632361412048,1
Normal-6348.png,Normal,Normal,0.9990479350090027,1
Normal-6352.png,Normal,Normal,0.9999001026153564,1
Normal-6360.png,Normal,Normal,0.9994539618492126,1
Normal-6362.png,Normal,Normal,0.9987951517105103,1
Normal-6365.png,Normal,Normal,0.9998196959495544,1
Normal-6376.png,Normal,Normal,0.9807312488555908,1
Normal-6387.png,Normal,Normal,0.9979436993598938,1
Normal-6392.png,Normal,Normal,0.9547473788261414,1
Normal-6394.png,Normal,Normal,0.9950991272926331,1
Normal-6399.png,Normal,Normal,0.9387750029563904,1
Normal-6402.png,Normal,Normal,0.9983786344528198,1
Normal-6404.png,Normal,Normal,0.9997425675392151,1
Normal-6412.png,Normal,Normal,0.9999895095825195,1
Normal-6414.png,Normal,Normal,0.9998996257781982,1
Normal-6430.png,Normal,Normal,0.999961256980896,1
Normal-6432.png,Normal,Normal,0.9929908514022827,1
Normal-6436.png,Normal,Normal,0.9871626496315002,1
Normal-6437.png,Normal,Normal,0.9633452296257019,1
Normal-6438.png,Normal,Normal,0.9951016306877136,1
Normal-6446.png,Normal,Normal,0.9935932755470276,1
Normal-6450.png,Normal,Normal,0.9999986886978149,1
Normal-6451.png,Normal,Normal,0.999872088432312,1
Normal-6453.png,Normal,Normal,0.9992406368255615,1
Normal-6455.png,Normal,Normal,0.9999268054962158,1
Normal-6458.png,Normal,Normal,0.9990044236183167,1
Normal-6462.png,Normal,Normal,0.986061692237854,1
Normal-6469.png,Normal,Lung_Opacity,0.6817112565040588,0
Normal-6475.png,Normal,Normal,0.9999909400939941,1
Normal-6476.png,Normal,Normal,0.9999871253967285,1
Normal-6477.png,Normal,Normal,0.999998927116394,1
Normal-6486.png,Normal,Normal,0.9123790264129639,1
Normal-6488.png,Normal,Normal,0.9995883107185364,1
Normal-6503.png,Normal,Normal,0.9356282353401184,1
Normal-6508.png,Normal,Normal,0.9948620200157166,1
Normal-6517.png,Normal,Normal,0.9997472167015076,1
Normal-6532.png,Normal,Normal,0.992637038230896,1
Normal-6534.png,Normal,Normal,0.9955207109451294,1
Normal-6540.png,Normal,Normal,0.9999984502792358,1
Normal-6554.png,Normal,Normal,0.999962329864502,1
Normal-6555.png,Normal,Normal,0.9999839067459106,1
Normal-6561.png,Normal,Normal,0.999625563621521,1
Normal-6573.png,Normal,Normal,0.9999526739120483,1
Normal-6577.png,Normal,Normal,0.9862662553787231,1
Normal-6595.png,Normal,Normal,0.9999707937240601,1
Normal-6605.png,Normal,Normal,0.9645261168479919,1
Normal-6610.png,Normal,Normal,0.997954249382019,1
Normal-6611.png,Normal,Normal,0.9999840259552002,1
Normal-6617.png,Normal,Normal,0.9902868270874023,1
Normal-6619.png,Normal,Normal,0.9935745596885681,1
Normal-6630.png,Normal,Normal,0.9996243715286255,1
Normal-6631.png,Normal,Normal,0.9993676543235779,1
Normal-6634.png,Normal,Normal,0.9967363476753235,1
Normal-6636.png,Normal,Normal,0.9999949932098389,1
Normal-6645.png,Normal,Normal,0.999825656414032,1
Normal-6646.png,Normal,Normal,0.9998335838317871,1
Normal-6652.png,Normal,Normal,0.9991099238395691,1
Normal-6656.png,Normal,Normal,0.9990987777709961,1
Normal-6669.png,Normal,Lung_Opacity,0.5349063873291016,0
Normal-6674.png,Normal,Normal,0.9999827146530151,1
Normal-6677.png,Normal,Normal,0.9977167844772339,1
Normal-6680.png,Normal,Normal,0.9983685612678528,1
Normal-6681.png,Normal,Normal,0.834574282169342,1
Normal-6682.png,Normal,Normal,0.9637962579727173,1
Normal-6684.png,Normal,Normal,0.9999854564666748,1
Normal-6685.png,Normal,Normal,0.9999344348907471,1
Normal-6687.png,Normal,Normal,0.9984028935432434,1
Normal-6703.png,Normal,Normal,0.9699711203575134,1
Normal-6705.png,Normal,Normal,0.9956234097480774,1
Normal-6709.png,Normal,Normal,0.9997841715812683,1
Normal-6710.png,Normal,Normal,0.7259500622749329,1
Normal-6712.png,Normal,Normal,0.9983990788459778,1
Normal-6719.png,Normal,Normal,0.9608823657035828,1
Normal-6721.png,Normal,Normal,0.9999911785125732,1
Normal-6740.png,Normal,Lung_Opacity,0.562678337097168,0
Normal-6743.png,Normal,Normal,0.9997982382774353,1
Normal-6748.png,Normal,Normal,0.9986042380332947,1
Normal-6764.png,Normal,Normal,0.999228835105896,1
Normal-6767.png,Normal,Normal,0.9998207688331604,1
Normal-6781.png,Normal,Normal,0.9905818700790405,1
Normal-6784.png,Normal,Normal,0.9997010231018066,1
Normal-6787.png,Normal,Normal,0.9998760223388672,1
Normal-6803.png,Normal,Normal,0.9999161958694458,1
Normal-6806.png,Normal,Normal,0.9980114698410034,1
Normal-6807.png,Normal,Normal,0.9977012276649475,1
Normal-6812.png,Normal,Normal,0.9992627501487732,1
Normal-6819.png,Normal,Normal,0.9839488863945007,1
Normal-6824.png,Normal,Normal,0.9997790455818176,1
Normal-6829.png,Normal,Normal,0.996964156627655,1
Normal-6840.png,Normal,Normal,0.9945847392082214,1
Normal-6850.png,Normal,Normal,0.9996881484985352,1
Normal-6851.png,Normal,Normal,0.99994957447052,1
Normal-6853.png,Normal,Normal,0.94610595703125,1
Normal-6855.png,Normal,Normal,0.9958308339118958,1
Normal-6856.png,Normal,Normal,0.9983635544776917,1
Normal-6858.png,Normal,Normal,0.999792754650116,1
Normal-6860.png,Normal,COVID,0.6342130303382874,0
Normal-6861.png,Normal,Normal,0.9999271631240845,1
Normal-6870.png,Normal,Normal,0.930631160736084,1
Normal-6876.png,Normal,Normal,0.9999799728393555,1
Normal-6878.png,Normal,Normal,0.9999808073043823,1
Normal-6884.png,Normal,Normal,0.9997729659080505,1
Normal-6885.png,Normal,Normal,0.9817567467689514,1
Normal-6890.png,Normal,Normal,0.9903980493545532,1
Normal-6891.png,Normal,Normal,0.9999028444290161,1
Normal-6901.png,Normal,Normal,0.9999486207962036,1
Normal-6909.png,Normal,Normal,0.850114643573761,1
Normal-6923.png,Normal,Normal,0.9997157454490662,1
Normal-6928.png,Normal,Lung_Opacity,0.9986850619316101,0
Normal-6930.png,Normal,Normal,0.9489787817001343,1
Normal-6940.png,Normal,Normal,0.9922641515731812,1
Normal-6944.png,Normal,Normal,0.9883434772491455,1
Normal-6946.png,Normal,Normal,0.9976175427436829,1
Normal-6950.png,Normal,Normal,0.997444748878479,1
Normal-6958.png,Normal,Normal,0.8158531188964844,1
Normal-6964.png,Normal,Normal,0.9804058074951172,1
Normal-6974.png,Normal,Lung_Opacity,0.39390748739242554,0
Normal-6976.png,Normal,Normal,0.9999821186065674,1
Normal-6977.png,Normal,Normal,0.9955381751060486,1
Normal-6982.png,Normal,Normal,0.9999146461486816,1
Normal-6992.png,Normal,Normal,0.9999984502792358,1
Normal-6994.png,Normal,Normal,0.9991520643234253,1
Normal-7000.png,Normal,Normal,0.95081627368927,1
Normal-7003.png,Normal,Normal,0.9555558562278748,1
Normal-7012.png,Normal,Normal,0.9978526830673218,1
Normal-7013.png,Normal,Normal,0.9985613226890564,1
Normal-7014.png,Normal,Normal,0.9812796115875244,1
Normal-7019.png,Normal,Normal,0.9999885559082031,1
Normal-7023.png,Normal,Normal,0.9913111925125122,1
Normal-7026.png,Normal,Normal,0.999868631362915,1
Normal-7029.png,Normal,Normal,0.8917353749275208,1
Normal-7033.png,Normal,Normal,0.9954437017440796,1
Normal-7035.png,Normal,Normal,0.5172501802444458,1
Normal-7036.png,Normal,Normal,0.9952738881111145,1
Normal-7040.png,Normal,Normal,0.9999452829360962,1
Normal-7042.png,Normal,Normal,0.9999077320098877,1
Normal-7043.png,Normal,Normal,0.9991483688354492,1
Normal-7044.png,Normal,Normal,0.9999841451644897,1
Normal-7045.png,Normal,Normal,0.9970870614051819,1
Normal-7046.png,Normal,Normal,0.999975323677063,1
Normal-7059.png,Normal,Normal,0.9999953508377075,1
Normal-7063.png,Normal,Normal,0.9747132062911987,1
Normal-7064.png,Normal,Normal,0.9998492002487183,1
Normal-7070.png,Normal,Normal,0.9818267822265625,1
Normal-7074.png,Normal,Normal,0.996670663356781,1
Normal-7084.png,Normal,Normal,0.7051681280136108,1
Normal-7092.png,Normal,Normal,0.9991080164909363,1
Normal-7097.png,Normal,Normal,0.9444313049316406,1
Normal-7099.png,Normal,Lung_Opacity,0.9561173319816589,0
Normal-7103.png,Normal,Normal,0.9998419284820557,1
Normal-7127.png,Normal,Normal,0.9983402490615845,1
Normal-7128.png,Normal,Normal,0.9998737573623657,1
Normal-7131.png,Normal,Normal,0.999995231628418,1
Normal-7144.png,Normal,Normal,0.999561607837677,1
Normal-7146.png,Normal,Normal,0.9999834299087524,1
Normal-7148.png,Normal,Normal,0.9932364821434021,1
Normal-7157.png,Normal,Normal,0.9999608993530273,1
Normal-7172.png,Normal,Normal,0.9999978542327881,1
Normal-7188.png,Normal,Normal,0.9667894840240479,1
Normal-7189.png,Normal,Normal,0.9982933402061462,1
Normal-7193.png,Normal,Normal,0.9847339987754822,1
Normal-7196.png,Normal,Normal,0.97723788022995,1
Normal-7206.png,Normal,Normal,0.6123622059822083,1
Normal-7210.png,Normal,Normal,0.9816482067108154,1
Normal-7211.png,Normal,Normal,0.9989370703697205,1
Normal-7212.png,Normal,Normal,0.999103844165802,1
Normal-7219.png,Normal,Normal,0.9130587577819824,1
Normal-7227.png,Normal,Normal,0.7850205302238464,1
Normal-7233.png,Normal,Normal,0.8376181721687317,1
Normal-7235.png,Normal,Normal,0.9980311989784241,1
Normal-7237.png,Normal,Normal,0.9999395608901978,1
Normal-7239.png,Normal,Normal,0.9725462198257446,1
Normal-7249.png,Normal,Normal,0.8851748108863831,1
Normal-7250.png,Normal,Normal,0.9922488927841187,1
Normal-7253.png,Normal,Normal,0.9999172687530518,1
Normal-7255.png,Normal,Normal,0.9943757057189941,1
Normal-7256.png,Normal,Normal,0.9999960660934448,1
Normal-7261.png,Normal,Normal,0.9921984076499939,1
Normal-7263.png,Normal,Normal,0.9998223185539246,1
Normal-7273.png,Normal,Normal,0.9982184767723083,1
Normal-7283.png,Normal,Normal,0.5431053042411804,1
Normal-7284.png,Normal,Normal,0.999879002571106,1
Normal-7288.png,Normal,Normal,0.9998366832733154,1
Normal-7310.png,Normal,Normal,0.9998698234558105,1
Normal-7314.png,Normal,Normal,0.9999915361404419,1
Normal-7339.png,Normal,Normal,0.9999823570251465,1
Normal-7343.png,Normal,Normal,0.9996291399002075,1
Normal-7346.png,Normal,Normal,0.9515749216079712,1
Normal-7352.png,Normal,Normal,0.9997566342353821,1
Normal-7359.png,Normal,Normal,0.9881515502929688,1
Normal-7365.png,Normal,Normal,0.999998927116394,1
Normal-7369.png,Normal,Normal,0.9999786615371704,1
Normal-7371.png,Normal,Normal,0.9999649524688721,1
Normal-7373.png,Normal,Normal,0.9998069405555725,1
Normal-7378.png,Normal,Normal,0.9765941500663757,1
Normal-7379.png,Normal,Normal,0.9999929666519165,1
Normal-7381.png,Normal,Normal,0.9991962313652039,1
Normal-7384.png,Normal,Normal,0.9983810186386108,1
Normal-7386.png,Normal,Normal,0.9146577715873718,1
Normal-7389.png,Normal,Normal,0.9999867677688599,1
Normal-7392.png,Normal,Normal,0.9693183302879333,1
Normal-7395.png,Normal,Normal,0.9836496114730835,1
Normal-7397.png,Normal,Normal,0.9231281876564026,1
Normal-7400.png,Normal,Normal,0.9996273517608643,1
Normal-7401.png,Normal,Normal,0.9999364614486694,1
Normal-7408.png,Normal,Normal,0.9999982118606567,1
Normal-7411.png,Normal,Normal,0.999997615814209,1
Normal-7413.png,Normal,Normal,0.9980407357215881,1
Normal-7417.png,Normal,Normal,0.9908695220947266,1
Normal-7421.png,Normal,Normal,0.9996647834777832,1
Normal-7424.png,Normal,Normal,0.9999368190765381,1
Normal-7433.png,Normal,Normal,0.9997944235801697,1
Normal-7434.png,Normal,Normal,0.9939448237419128,1
Normal-7437.png,Normal,Normal,0.9996457099914551,1
Normal-7442.png,Normal,Normal,0.9993520379066467,1
Normal-7445.png,Normal,Normal,0.9870418310165405,1
Normal-7447.png,Normal,Normal,0.9945958256721497,1
Normal-7465.png,Normal,Normal,0.9999709129333496,1
Normal-7476.png,Normal,Normal,0.9966402053833008,1
Normal-7486.png,Normal,Normal,0.9967858791351318,1
Normal-7495.png,Normal,Normal,0.7302328944206238,1
Normal-7497.png,Normal,Normal,0.9697999954223633,1
Normal-7499.png,Normal,Normal,0.9666884541511536,1
Normal-7508.png,Normal,Normal,0.977670431137085,1
Normal-7513.png,Normal,Normal,0.9997000694274902,1
Normal-7523.png,Normal,Normal,0.9383708238601685,1
Normal-7524.png,Normal,Normal,0.999997615814209,1
Normal-7546.png,Normal,Normal,0.9986481070518494,1
Normal-7549.png,Normal,Normal,0.9902061820030212,1
Normal-7551.png,Normal,Normal,0.8722240924835205,1
Normal-7566.png,Normal,Normal,0.9998449087142944,1
Normal-7574.png,Normal,Normal,0.9998668432235718,1
Normal-7580.png,Normal,Normal,0.9517244696617126,1
Normal-7599.png,Normal,Normal,0.9970126152038574,1
Normal-7601.png,Normal,Normal,0.4825052320957184,1
Normal-7608.png,Normal,Normal,0.9999812841415405,1
Normal-7615.png,Normal,Normal,0.998315691947937,1
Normal-7617.png,Normal,Normal,0.9997469782829285,1
Normal-7624.png,Normal,Normal,0.9963316321372986,1
Normal-7625.png,Normal,Normal,0.9999896287918091,1
Normal-7631.png,Normal,Normal,0.9957894682884216,1
Normal-7632.png,Normal,Lung_Opacity,0.5404806733131409,0
Normal-7633.png,Normal,Normal,0.9572123289108276,1
Normal-7635.png,Normal,Normal,0.9998181462287903,1
Normal-7636.png,Normal,Normal,0.988874077796936,1
Normal-7637.png,Normal,Normal,0.9981114864349365,1
Normal-7638.png,Normal,Normal,0.9705782532691956,1
Normal-7641.png,Normal,Normal,0.9999868869781494,1
Normal-7642.png,Normal,Normal,0.9998278617858887,1
Normal-7645.png,Normal,Normal,0.9999953508377075,1
Normal-7653.png,Normal,Normal,0.9975469708442688,1
Normal-7671.png,Normal,Normal,0.9998974800109863,1
Normal-7676.png,Normal,Normal,0.9885460734367371,1
Normal-7679.png,Normal,Normal,0.9885590076446533,1
Normal-7690.png,Normal,Normal,0.9999172687530518,1
Normal-7691.png,Normal,Normal,0.99994957447052,1
Normal-7693.png,Normal,Normal,0.9999805688858032,1
Normal-7702.png,Normal,Normal,0.9988381266593933,1
Normal-7715.png,Normal,Normal,0.9979409575462341,1
Normal-7728.png,Normal,Normal,0.6066754460334778,1
Normal-7737.png,Normal,Normal,0.9995481371879578,1
Normal-7741.png,Normal,Normal,0.9999618530273438,1
Normal-7742.png,Normal,Normal,0.9980302453041077,1
Normal-7744.png,Normal,COVID,0.6527034044265747,0
Normal-7751.png,Normal,Normal,0.9996718168258667,1
Normal-7759.png,Normal,Normal,0.9890185594558716,1
Normal-7760.png,Normal,Normal,0.9947620034217834,1
Normal-7768.png,Normal,Normal,0.9471796751022339,1
Normal-7769.png,Normal,Normal,0.9999315738677979,1
Normal-7770.png,Normal,Normal,0.9998935461044312,1
Normal-7771.png,Normal,COVID,0.9249071478843689,0
Normal-7774.png,Normal,Normal,0.9975802898406982,1
Normal-7786.png,Normal,Lung_Opacity,0.816133439540863,0
Normal-7791.png,Normal,Normal,0.9989653825759888,1
Normal-7805.png,Normal,Normal,0.9999924898147583,1
Normal-7808.png,Normal,Normal,0.991235613822937,1
Normal-7814.png,Normal,Normal,0.807230532169342,1
Normal-7820.png,Normal,Normal,0.9749085307121277,1
Normal-7823.png,Normal,Normal,0.9999371767044067,1
Normal-7825.png,Normal,Lung_Opacity,0.6646721363067627,0
Normal-7826.png,Normal,Normal,0.9998693466186523,1
Normal-7830.png,Normal,Normal,0.9998894929885864,1
Normal-7834.png,Normal,Normal,0.9999951124191284,1
Normal-7839.png,Normal,Normal,0.9861888289451599,1
Normal-7844.png,Normal,Normal,0.9738599061965942,1
Normal-7856.png,Normal,Normal,0.993536651134491,1
Normal-7863.png,Normal,Normal,0.999997615814209,1
Normal-7864.png,Normal,Normal,0.993809163570404,1
Normal-7865.png,Normal,Normal,0.9997934699058533,1
Normal-7872.png,Normal,Normal,0.9994388222694397,1
Normal-7875.png,Normal,Normal,0.9696953892707825,1
Normal-7877.png,Normal,Normal,0.9988216757774353,1
Normal-7881.png,Normal,Normal,0.9999984502792358,1
Normal-7888.png,Normal,Normal,0.9995760321617126,1
Normal-7895.png,Normal,Normal,0.9828973412513733,1
Normal-7903.png,Normal,Normal,0.9996452331542969,1
Normal-7911.png,Normal,Normal,0.9998972415924072,1
Normal-7929.png,Normal,Normal,0.9999998807907104,1
Normal-7934.png,Normal,Normal,0.9999065399169922,1
Normal-7939.png,Normal,Normal,0.9995830655097961,1
Normal-7940.png,Normal,Normal,0.9979836940765381,1
Normal-7943.png,Normal,Normal,0.9999856948852539,1
Normal-7953.png,Normal,Normal,0.9976866245269775,1
Normal-7954.png,Normal,Normal,0.9999322891235352,1
Normal-7961.png,Normal,Normal,0.9785919785499573,1
Normal-7962.png,Normal,Normal,0.9999493360519409,1
Normal-7964.png,Normal,Normal,0.9999061822891235,1
Normal-7972.png,Normal,Normal,0.9972519278526306,1
Normal-7973.png,Normal,Normal,0.8455727696418762,1
Normal-7974.png,Normal,Lung_Opacity,0.990659236907959,0
Normal-7979.png,Normal,COVID,0.53642737865448,0
Normal-7980.png,Normal,Normal,0.9998358488082886,1
Normal-7981.png,Normal,Normal,0.9981801509857178,1
Normal-7987.png,Normal,Normal,0.9998237490653992,1
Normal-7990.png,Normal,Normal,0.9996088147163391,1
Normal-7992.png,Normal,Normal,0.8603301048278809,1
Normal-7994.png,Normal,Normal,0.9963765740394592,1
Normal-8001.png,Normal,Normal,0.9691464304924011,1
Normal-8008.png,Normal,Normal,0.9946433305740356,1
Normal-8010.png,Normal,Normal,0.9973686933517456,1
Normal-8012.png,Normal,Normal,0.9999994039535522,1
Normal-8015.png,Normal,Normal,0.9999666213989258,1
Normal-8016.png,Normal,Normal,0.9856628775596619,1
Normal-8022.png,Normal,Normal,0.999496340751648,1
Normal-8027.png,Normal,Normal,0.987648606300354,1
Normal-8028.png,Normal,Normal,0.996733546257019,1
Normal-8048.png,Normal,Normal,0.998668909072876,1
Normal-8051.png,Normal,Normal,0.9999784231185913,1
Normal-8052.png,Normal,Normal,0.9994720816612244,1
Normal-8056.png,Normal,Normal,0.9980403780937195,1
Normal-8061.png,Normal,Normal,0.9974247217178345,1
Normal-8066.png,Normal,Normal,0.977586030960083,1
Normal-8081.png,Normal,Normal,0.9998338222503662,1
Normal-8085.png,Normal,Normal,0.9754905700683594,1
Normal-8086.png,Normal,Lung_Opacity,0.8910885453224182,0
Normal-8091.png,Normal,Lung_Opacity,0.7703568339347839,0
Normal-8096.png,Normal,Normal,0.9925770163536072,1
Normal-8105.png,Normal,Normal,0.9998908042907715,1
Normal-8108.png,Normal,Normal,0.9999891519546509,1
Normal-8119.png,Normal,Normal,0.9990822076797485,1
Normal-8124.png,Normal,Lung_Opacity,0.9778242111206055,0
Normal-8126.png,Normal,Normal,0.9994739890098572,1
Normal-8128.png,Normal,Normal,0.9999996423721313,1
Normal-8147.png,Normal,Normal,0.9996951818466187,1
Normal-8149.png,Normal,Normal,0.9978131055831909,1
Normal-8151.png,Normal,Normal,0.9980200529098511,1
Normal-8157.png,Normal,Normal,0.9624453186988831,1
Normal-8161.png,Normal,Normal,0.9985087513923645,1
Normal-8167.png,Normal,Normal,0.9934628009796143,1
Normal-8169.png,Normal,Normal,0.9998571872711182,1
Normal-8178.png,Normal,Normal,0.999833345413208,1
Normal-8180.png,Normal,Normal,0.9997772574424744,1
Normal-8187.png,Normal,Normal,0.9999991655349731,1
Normal-8206.png,Normal,Normal,0.9943397641181946,1
Normal-8210.png,Normal,Normal,0.9946342706680298,1
Normal-8216.png,Normal,Normal,0.9999916553497314,1
Normal-8217.png,Normal,Normal,0.9998854398727417,1
Normal-8218.png,Normal,Normal,0.9967352747917175,1
Normal-8219.png,Normal,Normal,0.9878314137458801,1
Normal-8222.png,Normal,Normal,0.9974067807197571,1
Normal-8233.png,Normal,Normal,0.9995787739753723,1
Normal-8236.png,Normal,Normal,0.9945541620254517,1
Normal-8244.png,Normal,Normal,0.9989823698997498,1
Normal-8246.png,Normal,Normal,0.9998315572738647,1
Normal-8251.png,Normal,Normal,0.9999210834503174,1
Normal-8253.png,Normal,Normal,0.9999918937683105,1
Normal-8262.png,Normal,Normal,0.9984734654426575,1
Normal-8266.png,Normal,Normal,0.9996979236602783,1
Normal-8282.png,Normal,Normal,0.9204308390617371,1
Normal-8283.png,Normal,Normal,0.9991869330406189,1
Normal-8284.png,Normal,Normal,0.9997380375862122,1
Normal-8290.png,Normal,Normal,0.9996378421783447,1
Normal-8299.png,Normal,Normal,0.9963492155075073,1
Normal-8325.png,Normal,Normal,0.9999617338180542,1
Normal-8327.png,Normal,Normal,0.9989834427833557,1
Normal-8329.png,Normal,Normal,0.9999412298202515,1
Normal-8331.png,Normal,Normal,0.9995540976524353,1
Normal-8339.png,Normal,Normal,0.9999722242355347,1
Normal-8358.png,Normal,Normal,0.999667763710022,1
Normal-8371.png,Normal,Normal,0.9999659061431885,1
Normal-8373.png,Normal,Normal,0.9982450008392334,1
Normal-8379.png,Normal,Normal,0.9468758702278137,1
Normal-8382.png,Normal,Normal,0.9884617328643799,1
Normal-8385.png,Normal,Normal,0.8040553331375122,1
Normal-8387.png,Normal,Normal,0.9997853636741638,1
Normal-8393.png,Normal,Normal,0.999985933303833,1
Normal-8400.png,Normal,Lung_Opacity,0.90655118227005,0
Normal-8403.png,Normal,Normal,0.5393440127372742,1
Normal-8420.png,Normal,Normal,0.9999089241027832,1
Normal-8423.png,Normal,Normal,0.998430073261261,1
Normal-8432.png,Normal,Normal,0.9953088164329529,1
Normal-8449.png,Normal,Normal,0.9997633099555969,1
Normal-8453.png,Normal,Normal,0.9209651947021484,1
Normal-8458.png,Normal,Normal,0.9987953901290894,1
Normal-8460.png,Normal,Normal,0.9849189519882202,1
Normal-8463.png,Normal,Normal,0.9751573801040649,1
Normal-8465.png,Normal,Normal,0.5676631331443787,1
Normal-8467.png,Normal,Normal,0.9998917579650879,1
Normal-8470.png,Normal,Normal,0.9953041076660156,1
Normal-8472.png,Normal,Normal,0.9999996423721313,1
Normal-8479.png,Normal,Normal,0.9990537762641907,1
Normal-8481.png,Normal,Normal,0.9494591355323792,1
Normal-8486.png,Normal,Normal,0.9999741315841675,1
Normal-8494.png,Normal,Normal,0.999824583530426,1
Normal-8495.png,Normal,Normal,0.999907374382019,1
Normal-8496.png,Normal,Normal,0.9996434450149536,1
Normal-8499.png,Normal,Normal,0.5027263760566711,1
Normal-8510.png,Normal,Normal,0.700210690498352,1
Normal-8511.png,Normal,Normal,0.9999303817749023,1
Normal-8513.png,Normal,Normal,0.8729569315910339,1
Normal-8516.png,Normal,Normal,0.9995600581169128,1
Normal-8522.png,Normal,Normal,0.9989727735519409,1
Normal-8525.png,Normal,Normal,0.9839302897453308,1
Normal-8534.png,Normal,Normal,0.9990181922912598,1
Normal-8535.png,Normal,Normal,0.9999849796295166,1
Normal-8539.png,Normal,Normal,0.999954104423523,1
Normal-8543.png,Normal,Normal,0.5132476091384888,1
Normal-8563.png,Normal,Normal,0.9979495406150818,1
Normal-8573.png,Normal,Normal,0.9982979893684387,1
Normal-8579.png,Normal,Normal,0.9997780919075012,1
Normal-8582.png,Normal,Normal,0.8676370978355408,1
Normal-8585.png,Normal,Normal,0.99824059009552,1
Normal-8593.png,Normal,Normal,0.9999154806137085,1
Normal-8594.png,Normal,Viral Pneumonia,0.8999810218811035,0
Normal-8595.png,Normal,Normal,0.9299431443214417,1
Normal-8607.png,Normal,Normal,0.9930304884910583,1
Normal-8621.png,Normal,Normal,0.9981440305709839,1
Normal-8626.png,Normal,Normal,0.9999997615814209,1
Normal-8631.png,Normal,Normal,0.9998562335968018,1
Normal-8634.png,Normal,Normal,0.9998049139976501,1
Normal-8635.png,Normal,Normal,0.9598939418792725,1
Normal-8636.png,Normal,Normal,0.9999372959136963,1
Normal-8644.png,Normal,Normal,0.9894715547561646,1
Normal-8649.png,Normal,Normal,0.9993075132369995,1
Normal-8651.png,Normal,Normal,0.963349461555481,1
Normal-8653.png,Normal,Normal,0.8105359673500061,1
Normal-8656.png,Normal,Normal,0.9965535402297974,1
Normal-8657.png,Normal,Normal,0.9996575117111206,1
Normal-8660.png,Normal,Normal,0.9997014403343201,1
Normal-8662.png,Normal,Normal,0.9948511719703674,1
Normal-8664.png,Normal,Normal,0.9987504482269287,1
Normal-8665.png,Normal,Normal,0.9999582767486572,1
Normal-8677.png,Normal,Normal,0.9999123811721802,1
Normal-8709.png,Normal,Normal,0.9810861945152283,1
Normal-8717.png,Normal,Normal,0.9998379945755005,1
Normal-8720.png,Normal,Normal,0.9975749850273132,1
Normal-8721.png,Normal,Normal,0.999998927116394,1
Normal-8723.png,Normal,Normal,0.9912891387939453,1
Normal-8725.png,Normal,Normal,0.9975903034210205,1
Normal-8732.png,Normal,Normal,0.9993032217025757,1
Normal-8734.png,Normal,Normal,0.9986854195594788,1
Normal-8738.png,Normal,Normal,0.9993571639060974,1
Normal-8742.png,Normal,Normal,0.9998621940612793,1
Normal-8745.png,Normal,Normal,0.9989769458770752,1
Normal-8752.png,Normal,Normal,0.9994978904724121,1
Normal-8760.png,Normal,Normal,0.999940037727356,1
Normal-8769.png,Normal,Normal,0.9522007703781128,1
Normal-8773.png,Normal,Normal,0.5438549518585205,1
Normal-8785.png,Normal,Normal,0.9999121427536011,1
Normal-8790.png,Normal,Normal,0.9998925924301147,1
Normal-8797.png,Normal,Normal,0.9995125532150269,1
Normal-8798.png,Normal,Normal,0.9999438524246216,1
Normal-8799.png,Normal,Normal,0.9999915361404419,1
Normal-8809.png,Normal,Normal,0.957985520362854,1
Normal-8830.png,Normal,Normal,0.9999576807022095,1
Normal-8832.png,Normal,Normal,0.9431057572364807,1
Normal-8834.png,Normal,Normal,0.9755884408950806,1
Normal-8835.png,Normal,Normal,0.9999520778656006,1
Normal-8843.png,Normal,Normal,0.999226450920105,1
Normal-8849.png,Normal,Normal,0.9999983310699463,1
Normal-8852.png,Normal,Normal,0.9979325532913208,1
Normal-8856.png,Normal,Normal,0.9998196959495544,1
Normal-8865.png,Normal,Normal,0.9995825886726379,1
Normal-8873.png,Normal,Normal,0.9981186985969543,1
Normal-8875.png,Normal,Normal,0.8767004013061523,1
Normal-8878.png,Normal,Normal,0.9962711334228516,1
Normal-8891.png,Normal,Normal,0.9022365212440491,1
Normal-8900.png,Normal,Normal,0.9957590699195862,1
Normal-8904.png,Normal,Normal,0.999996542930603,1
Normal-8905.png,Normal,Normal,0.9979891777038574,1
Normal-8908.png,Normal,Normal,0.9998094439506531,1
Normal-8909.png,Normal,Normal,0.9445798993110657,1
Normal-8912.png,Normal,Normal,0.9973537921905518,1
Normal-8915.png,Normal,Normal,0.9999274015426636,1
Normal-8934.png,Normal,Normal,0.9999994039535522,1
Normal-8954.png,Normal,Normal,0.9994526505470276,1
Normal-8968.png,Normal,Normal,0.9822943210601807,1
Normal-8971.png,Normal,Normal,0.9989469647407532,1
Normal-8972.png,Normal,Normal,0.9947549104690552,1
Normal-8975.png,Normal,Normal,0.989932656288147,1
Normal-8979.png,Normal,Normal,0.9411374926567078,1
Normal-8980.png,Normal,Normal,0.9975106716156006,1
Normal-8982.png,Normal,Normal,0.7711366415023804,1
Normal-8984.png,Normal,Lung_Opacity,0.5490990281105042,0
Normal-8985.png,Normal,Normal,0.9996532201766968,1
Normal-8989.png,Normal,Normal,0.9985698461532593,1
Normal-8991.png,Normal,Normal,0.918306827545166,1
Normal-8993.png,Normal,Lung_Opacity,0.999816358089447,0
Normal-9002.png,Normal,Normal,0.9461156129837036,1
Normal-9017.png,Normal,Normal,0.9036689400672913,1
Normal-9020.png,Normal,Normal,0.9999829530715942,1
Normal-9025.png,Normal,Normal,0.9902414679527283,1
Normal-9028.png,Normal,Normal,0.999862551689148,1
Normal-9031.png,Normal,Normal,0.9663276076316833,1
Normal-9036.png,Normal,Normal,0.9970481991767883,1
Normal-9037.png,Normal,Normal,0.9796997904777527,1
Normal-9040.png,Normal,Normal,0.9996935129165649,1
Normal-9043.png,Normal,Normal,0.9781873226165771,1
Normal-9045.png,Normal,Normal,0.9999569654464722,1
Normal-9066.png,Normal,Lung_Opacity,0.8824598789215088,0
Normal-9073.png,Normal,Normal,0.9997631907463074,1
Normal-9074.png,Normal,Normal,0.9985277652740479,1
Normal-9080.png,Normal,Normal,0.9995465874671936,1
Normal-9084.png,Normal,Normal,0.9703747034072876,1
Normal-9085.png,Normal,Normal,0.9983780384063721,1
Normal-9086.png,Normal,Normal,0.9997021555900574,1
Normal-9090.png,Normal,Normal,0.9987608194351196,1
Normal-9092.png,Normal,Normal,0.9975715279579163,1
Normal-9094.png,Normal,Normal,0.9956401586532593,1
Normal-9097.png,Normal,Normal,0.9717646837234497,1
Normal-9104.png,Normal,Normal,0.994235098361969,1
Normal-9108.png,Normal,Normal,0.9999985694885254,1
Normal-9110.png,Normal,Normal,0.9996637105941772,1
Normal-9115.png,Normal,Normal,0.9936885237693787,1
Normal-9117.png,Normal,Normal,0.9143593907356262,1
Normal-9124.png,Normal,Normal,0.9998327493667603,1
Normal-9126.png,Normal,Normal,0.9998255372047424,1
Normal-9128.png,Normal,Normal,0.9993329644203186,1
Normal-9157.png,Normal,Normal,0.9738233685493469,1
Normal-9168.png,Normal,Normal,0.9996994733810425,1
Normal-9169.png,Normal,Normal,0.9684656262397766,1
Normal-9175.png,Normal,Normal,0.999900221824646,1
Normal-9179.png,Normal,Normal,0.9998712539672852,1
Normal-9181.png,Normal,Normal,0.9999887943267822,1
Normal-9184.png,Normal,Normal,0.9985107779502869,1
Normal-9188.png,Normal,Normal,0.9406863451004028,1
Normal-9191.png,Normal,Normal,0.9996806383132935,1
Normal-9194.png,Normal,Normal,0.9931619167327881,1
Normal-9208.png,Normal,Normal,0.9983536005020142,1
Normal-9209.png,Normal,Normal,0.9999996423721313,1
Normal-9212.png,Normal,Normal,0.8325399160385132,1
Normal-9220.png,Normal,Normal,0.9999603033065796,1
Normal-9224.png,Normal,Normal,0.9999798536300659,1
Normal-9228.png,Normal,Normal,0.9944124817848206,1
Normal-9229.png,Normal,Normal,0.9999321699142456,1
Normal-9231.png,Normal,Normal,0.9950044751167297,1
Normal-9235.png,Normal,Normal,0.9992675185203552,1
Normal-9247.png,Normal,Normal,0.9957981705665588,1
Normal-9248.png,Normal,Normal,0.910391628742218,1
Normal-9249.png,Normal,Normal,0.9930886626243591,1
Normal-9256.png,Normal,Normal,0.995752215385437,1
Normal-9262.png,Normal,Normal,0.9895904660224915,1
Normal-9267.png,Normal,Normal,0.9401183128356934,1
Normal-9268.png,Normal,Normal,0.9974587559700012,1
Normal-9269.png,Normal,Normal,0.9951607584953308,1
Normal-9275.png,Normal,Normal,0.9942177534103394,1
Normal-9281.png,Normal,Normal,0.9997091889381409,1
Normal-9288.png,Normal,Normal,0.9905200004577637,1
Normal-9292.png,Normal,Normal,0.9999899864196777,1
Normal-9293.png,Normal,Normal,0.9996588230133057,1
Normal-9295.png,Normal,Normal,0.9902166128158569,1
Normal-9296.png,Normal,Lung_Opacity,0.965881884098053,0
Normal-9302.png,Normal,Lung_Opacity,0.6218858957290649,0
Normal-9305.png,Normal,Normal,0.9999603033065796,1
Normal-9306.png,Normal,Normal,0.9999905824661255,1
Normal-9313.png,Normal,Normal,0.9816306233406067,1
Normal-9319.png,Normal,Normal,0.9999147653579712,1
Normal-9327.png,Normal,Lung_Opacity,0.8458458781242371,0
Normal-9341.png,Normal,Normal,0.9978569149971008,1
Normal-9342.png,Normal,Normal,0.9779868721961975,1
Normal-9351.png,Normal,Lung_Opacity,0.5485727190971375,0
Normal-9353.png,Normal,Normal,0.9998096823692322,1
Normal-9354.png,Normal,Normal,0.9972053170204163,1
Normal-9362.png,Normal,Normal,0.9339529871940613,1
Normal-9370.png,Normal,Normal,0.9997373223304749,1
Normal-9372.png,Normal,Normal,0.9850659370422363,1
Normal-9373.png,Normal,Normal,0.9881778359413147,1
Normal-9380.png,Normal,Normal,0.9973805546760559,1
Normal-9386.png,Normal,Normal,0.9971129894256592,1
Normal-9387.png,Normal,Normal,0.9999812841415405,1
Normal-9392.png,Normal,Normal,0.9994710087776184,1
Normal-9394.png,Normal,Normal,0.999976396560669,1
Normal-9396.png,Normal,Normal,0.886768639087677,1
Normal-9400.png,Normal,Normal,0.9999879598617554,1
Normal-9405.png,Normal,Normal,0.9928321838378906,1
Normal-9406.png,Normal,Normal,0.9945024251937866,1
Normal-9408.png,Normal,Normal,0.9979320764541626,1
Normal-9413.png,Normal,Normal,0.9999459981918335,1
Normal-9414.png,Normal,Normal,0.9999585151672363,1
Normal-9419.png,Normal,Normal,0.9999666213989258,1
Normal-9423.png,Normal,Normal,0.9989579916000366,1
Normal-9426.png,Normal,Normal,0.9999901056289673,1
Normal-9428.png,Normal,Normal,0.9997631907463074,1
Normal-9429.png,Normal,Normal,0.9999926090240479,1
Normal-9433.png,Normal,Normal,0.8437934517860413,1
Normal-9434.png,Normal,Normal,0.9323434233665466,1
Normal-9435.png,Normal,Normal,0.9990291595458984,1
Normal-9437.png,Normal,Normal,0.9978255033493042,1
Normal-9442.png,Normal,Normal,0.8131030201911926,1
Normal-9449.png,Normal,Normal,0.9999996423721313,1
Normal-9450.png,Normal,Normal,0.999998927116394,1
Normal-9461.png,Normal,Normal,0.9997207522392273,1
Normal-9473.png,Normal,Normal,0.9997287392616272,1
Normal-9474.png,Normal,Normal,0.6023526787757874,1
Normal-9476.png,Normal,Lung_Opacity,0.9859778881072998,0
Normal-9477.png,Normal,Normal,0.998776376247406,1
Normal-9492.png,Normal,Normal,0.9999727010726929,1
Normal-9494.png,Normal,Normal,0.9977290034294128,1
Normal-9502.png,Normal,Normal,0.9998819828033447,1
Normal-9503.png,Normal,Normal,0.9999281167984009,1
Normal-9509.png,Normal,Normal,0.9785968065261841,1
Normal-9512.png,Normal,Normal,0.5904037356376648,1
Normal-9515.png,Normal,Normal,0.9935693740844727,1
Normal-9523.png,Normal,Normal,0.8492447137832642,1
Normal-9524.png,Normal,Normal,0.9867444038391113,1
Normal-9527.png,Normal,Normal,0.938058078289032,1
Normal-9530.png,Normal,Normal,0.9997218251228333,1
Normal-9535.png,Normal,Normal,0.9740279316902161,1
Normal-9538.png,Normal,Normal,0.9985221028327942,1
Normal-9547.png,Normal,Normal,0.9999445676803589,1
Normal-9548.png,Normal,Normal,0.9991492033004761,1
Normal-9553.png,Normal,Normal,0.6035997867584229,1
Normal-9554.png,Normal,Normal,0.9999642372131348,1
Normal-9555.png,Normal,Lung_Opacity,0.8932706117630005,0
Normal-9581.png,Normal,Normal,0.9998822212219238,1
Normal-9582.png,Normal,Normal,0.9986250400543213,1
Normal-9583.png,Normal,Normal,0.999927282333374,1
Normal-9584.png,Normal,Normal,0.9999865293502808,1
Normal-9597.png,Normal,Normal,0.9920910596847534,1
Normal-9612.png,Normal,Normal,0.6619728803634644,1
Normal-9613.png,Normal,Normal,0.9996252059936523,1
Normal-9618.png,Normal,Normal,0.9992823004722595,1
Normal-9620.png,Normal,Normal,0.9997370839118958,1
Normal-9621.png,Normal,Normal,0.9999948740005493,1
Normal-9630.png,Normal,Normal,0.9789794683456421,1
Normal-9632.png,Normal,Normal,0.5329303741455078,1
Normal-9633.png,Normal,Normal,0.9737914800643921,1
Normal-9635.png,Normal,Normal,0.973170816898346,1
Normal-9637.png,Normal,Normal,0.9999161958694458,1
Normal-9646.png,Normal,Normal,0.6853976249694824,1
Normal-9655.png,Normal,Normal,0.9922119379043579,1
Normal-9661.png,Normal,Normal,0.9984433054924011,1
Normal-9662.png,Normal,Normal,0.9999775886535645,1
Normal-9669.png,Normal,Normal,0.9999796152114868,1
Normal-9672.png,Normal,Normal,0.9974865913391113,1
Normal-9674.png,Normal,Normal,0.9999790191650391,1
Normal-9678.png,Normal,Normal,0.9999351501464844,1
Normal-9687.png,Normal,Normal,0.9999818801879883,1
Normal-9697.png,Normal,Normal,0.9697641134262085,1
Normal-9700.png,Normal,Normal,0.7746984958648682,1
Normal-9705.png,Normal,Normal,0.9837990999221802,1
Normal-9711.png,Normal,Normal,0.8697738647460938,1
Normal-9724.png,Normal,Normal,0.9987708926200867,1
Normal-9726.png,Normal,Normal,0.9878472089767456,1
Normal-9732.png,Normal,Normal,0.9999425411224365,1
Normal-9736.png,Normal,Normal,0.9364351034164429,1
Normal-9741.png,Normal,Normal,0.9989690780639648,1
Normal-9752.png,Normal,Normal,0.9994010925292969,1
Normal-9754.png,Normal,Normal,0.9999959468841553,1
Normal-9758.png,Normal,Normal,0.9992879033088684,1
Normal-9760.png,Normal,Normal,0.9912999272346497,1
Normal-9765.png,Normal,Lung_Opacity,0.6807917952537537,0
Normal-9768.png,Normal,Normal,0.9998414516448975,1
Normal-9769.png,Normal,Normal,0.999847412109375,1
Normal-9775.png,Normal,Normal,0.9999698400497437,1
Normal-9777.png,Normal,Normal,0.9949240684509277,1
Normal-9781.png,Normal,Normal,0.9967185854911804,1
Normal-9784.png,Normal,Normal,0.9999425411224365,1
Normal-9787.png,Normal,Lung_Opacity,0.6461048126220703,0
Normal-9791.png,Normal,Normal,0.9981346130371094,1
Normal-9796.png,Normal,Normal,0.9999924898147583,1
Normal-9798.png,Normal,Normal,0.9999798536300659,1
Normal-9800.png,Normal,Normal,0.9993177652359009,1
Normal-9802.png,Normal,Normal,0.99908447265625,1
Normal-9807.png,Normal,Lung_Opacity,0.5506141781806946,0
Normal-9811.png,Normal,Normal,0.9967120885848999,1
Normal-9817.png,Normal,Normal,0.9966877102851868,1
Normal-9818.png,Normal,Normal,0.9997559189796448,1
Normal-9826.png,Normal,Normal,0.995329737663269,1
Normal-9833.png,Normal,Normal,0.999998927116394,1
Normal-9839.png,Normal,Normal,0.9999946355819702,1
Normal-9844.png,Normal,Normal,0.9965187311172485,1
Normal-9848.png,Normal,Normal,0.9996960163116455,1
Normal-9851.png,Normal,Normal,0.9768902063369751,1
Normal-9853.png,Normal,Normal,0.9999996423721313,1
Normal-9855.png,Normal,Normal,0.9969080090522766,1
Normal-9858.png,Normal,Normal,0.5300479531288147,1
Normal-9859.png,Normal,Normal,0.9999711513519287,1
Normal-9861.png,Normal,Normal,0.9997285008430481,1
Normal-9862.png,Normal,Normal,0.9519262313842773,1
Normal-9863.png,Normal,Normal,0.972148597240448,1
Normal-9866.png,Normal,Normal,0.9233924150466919,1
Normal-9870.png,Normal,Normal,0.9999843835830688,1
Normal-9876.png,Normal,Normal,0.9997541308403015,1
Normal-9882.png,Normal,Normal,0.9962245225906372,1
Normal-9886.png,Normal,Normal,0.6126604676246643,1
Normal-9894.png,Normal,Normal,0.999923586845398,1
Normal-9895.png,Normal,Normal,0.9967761635780334,1
Normal-9898.png,Normal,Lung_Opacity,0.9727587103843689,0
Normal-9902.png,Normal,Normal,0.9995275735855103,1
Normal-9903.png,Normal,Normal,0.9977201819419861,1
Normal-9905.png,Normal,Normal,0.9627323746681213,1
Normal-9909.png,Normal,Normal,0.9925590753555298,1
Normal-9918.png,Normal,Normal,0.9933022260665894,1
Normal-9920.png,Normal,Normal,0.9990212917327881,1
Normal-9923.png,Normal,Normal,0.999890923500061,1
Normal-9934.png,Normal,Normal,0.9996926784515381,1
Normal-9935.png,Normal,Normal,0.9967501163482666,1
Normal-9938.png,Normal,Normal,0.9990979433059692,1
Normal-9944.png,Normal,Normal,0.9914031624794006,1
Normal-9945.png,Normal,Normal,0.985275149345398,1
Normal-9950.png,Normal,Normal,0.9980674386024475,1
Normal-9956.png,Normal,Normal,0.6029529571533203,1
Normal-9959.png,Normal,Normal,0.9988836646080017,1
Normal-9960.png,Normal,Normal,0.99932861328125,1
Normal-9967.png,Normal,Normal,0.9952077269554138,1
Normal-9983.png,Normal,Normal,0.97255939245224,1
Normal-9988.png,Normal,Normal,0.9995705485343933,1
Normal-9993.png,Normal,Normal,0.7436078190803528,1
Normal-10001.png,Normal,Normal,0.9998146891593933,1
Normal-10003.png,Normal,Normal,0.9999048709869385,1
Normal-10004.png,Normal,Normal,0.9987125396728516,1
Normal-10006.png,Normal,Normal,0.9907869696617126,1
Normal-10007.png,Normal,Normal,0.9999632835388184,1
Normal-10012.png,Normal,COVID,0.7747594714164734,0
Normal-10013.png,Normal,Normal,0.9999728202819824,1
Normal-10023.png,Normal,Normal,0.9999431371688843,1
Normal-10026.png,Normal,Normal,0.9999840259552002,1
Normal-10028.png,Normal,Normal,0.9995307922363281,1
Normal-10029.png,Normal,Normal,0.9969919919967651,1
Normal-10037.png,Normal,Normal,0.9999940395355225,1
Normal-10046.png,Normal,Normal,0.998766303062439,1
Normal-10048.png,Normal,Normal,0.9999982118606567,1
Normal-10049.png,Normal,Normal,0.999828577041626,1
Normal-10052.png,Normal,Normal,0.7850720882415771,1
Normal-10055.png,Normal,Normal,0.9979129433631897,1
Normal-10056.png,Normal,Normal,0.996359646320343,1
Normal-10057.png,Normal,Normal,0.9998083710670471,1
Normal-10058.png,Normal,Normal,0.999992847442627,1
Normal-10061.png,Normal,Normal,0.9997734427452087,1
Normal-10063.png,Normal,Normal,0.9998108744621277,1
Normal-10067.png,Normal,Normal,0.9220552444458008,1
Normal-10076.png,Normal,Normal,0.9996552467346191,1
Normal-10078.png,Normal,Normal,0.9974080920219421,1
Normal-10079.png,Normal,Normal,0.9948326349258423,1
Normal-10084.png,Normal,Normal,0.9991639852523804,1
Normal-10090.png,Normal,Normal,0.9998971223831177,1
Normal-10091.png,Normal,Normal,0.999950647354126,1
Normal-10110.png,Normal,Normal,0.9959725737571716,1
Normal-10111.png,Normal,Normal,0.9698910713195801,1
Normal-10119.png,Normal,Normal,0.9863552451133728,1
Normal-10126.png,Normal,Normal,0.9999948740005493,1
Normal-10131.png,Normal,Normal,0.9970414042472839,1
Normal-10148.png,Normal,Normal,0.9886462688446045,1
Normal-10151.png,Normal,Normal,0.9754443764686584,1
Normal-10152.png,Normal,Normal,0.9999440908432007,1
Normal-10160.png,Normal,Normal,0.9998036026954651,1
Normal-10161.png,Normal,Normal,0.983755350112915,1
Normal-10164.png,Normal,Normal,0.9974449872970581,1
Normal-10167.png,Normal,Normal,0.9913697242736816,1
Normal-10175.png,Normal,Normal,0.9951817393302917,1
Normal-10184.png,Normal,Normal,0.9999984502792358,1
Normal-10186.png,Normal,Normal,0.9999227523803711,1
Normal-10187.png,Normal,Normal,0.9980354905128479,1
Normal-10191.png,Normal,Normal,0.998935878276825,1
Normal-10192.png,Normal,Normal,0.999885082244873,1
COVID-2.png,COVID,COVID,0.9993265867233276,1
COVID-5.png,COVID,COVID,0.9974602460861206,1
COVID-12.png,COVID,COVID,0.9998030066490173,1
COVID-17.png,COVID,COVID,0.9845060706138611,1
COVID-20.png,COVID,COVID,0.9946980476379395,1
COVID-22.png,COVID,COVID,0.981317937374115,1
COVID-35.png,COVID,COVID,0.5062775015830994,1
COVID-36.png,COVID,COVID,0.9791138768196106,1
COVID-37.png,COVID,Lung_Opacity,0.9985994696617126,0
COVID-39.png,COVID,COVID,0.5556691884994507,1
COVID-47.png,COVID,COVID,0.9999871253967285,1
COVID-51.png,COVID,COVID,0.9952375888824463,1
COVID-65.png,COVID,COVID,0.9998574256896973,1
COVID-76.png,COVID,Lung_Opacity,0.5930704474449158,0
COVID-90.png,COVID,COVID,0.9999188184738159,1
COVID-91.png,COVID,Normal,0.9795824289321899,0
COVID-96.png,COVID,COVID,0.9999042749404907,1
COVID-99.png,COVID,COVID,0.999760091304779,1
COVID-104.png,COVID,COVID,0.999985933303833,1
COVID-115.png,COVID,COVID,0.9999737739562988,1
COVID-117.png,COVID,COVID,0.999993085861206,1
COVID-120.png,COVID,COVID,0.9999961853027344,1
COVID-123.png,COVID,COVID,0.9999680519104004,1
COVID-128.png,COVID,Lung_Opacity,0.9985849857330322,0
COVID-131.png,COVID,COVID,0.9212056994438171,1
COVID-144.png,COVID,COVID,0.9081618189811707,1
COVID-147.png,COVID,COVID,0.9790027737617493,1
COVID-154.png,COVID,Normal,0.796725332736969,0
COVID-155.png,COVID,COVID,0.9991975426673889,1
COVID-161.png,COVID,COVID,0.9993065595626831,1
COVID-162.png,COVID,Lung_Opacity,0.9056791067123413,0
COVID-173.png,COVID,COVID,0.9986152648925781,1
COVID-181.png,COVID,COVID,0.5766240954399109,1
COVID-187.png,COVID,COVID,0.9910531640052795,1
COVID-190.png,COVID,Lung_Opacity,0.8056022524833679,0
COVID-191.png,COVID,COVID,0.9999927282333374,1
COVID-198.png,COVID,COVID,0.6551503539085388,1
COVID-201.png,COVID,COVID,0.9999622106552124,1
COVID-202.png,COVID,COVID,0.9994099140167236,1
COVID-203.png,COVID,COVID,0.9999916553497314,1
COVID-207.png,COVID,COVID,0.9998997449874878,1
COVID-217.png,COVID,COVID,0.9710304737091064,1
COVID-226.png,COVID,COVID,0.9999985694885254,1
COVID-235.png,COVID,COVID,0.9997650980949402,1
COVID-242.png,COVID,COVID,0.9980148077011108,1
COVID-246.png,COVID,COVID,0.9997195601463318,1
COVID-254.png,COVID,COVID,0.9997217059135437,1
COVID-263.png,COVID,COVID,0.9995865225791931,1
COVID-265.png,COVID,COVID,0.9897446036338806,1
COVID-269.png,COVID,COVID,0.9998948574066162,1
COVID-285.png,COVID,Normal,0.6642282009124756,0
COVID-294.png,COVID,COVID,0.9995638728141785,1
COVID-302.png,COVID,COVID,0.9999865293502808,1
COVID-318.png,COVID,COVID,0.999506950378418,1
COVID-331.png,COVID,COVID,0.9999973773956299,1
COVID-336.png,COVID,COVID,0.9999995231628418,1
COVID-338.png,COVID,COVID,0.9962471127510071,1
COVID-357.png,COVID,COVID,0.9999909400939941,1
COVID-370.png,COVID,COVID,0.9329602718353271,1
COVID-379.png,COVID,COVID,0.9999914169311523,1
COVID-380.png,COVID,COVID,0.9998824596405029,1
COVID-392.png,COVID,COVID,0.9997838139533997,1
COVID-393.png,COVID,COVID,0.9999467134475708,1
COVID-396.png,COVID,COVID,0.9999783039093018,1
COVID-397.png,COVID,COVID,0.996536135673523,1
COVID-398.png,COVID,COVID,0.9516905546188354,1
COVID-400.png,COVID,COVID,0.9999591112136841,1
COVID-401.png,COVID,Normal,0.7708747386932373,0
COVID-404.png,COVID,COVID,0.9997667670249939,1
COVID-413.png,COVID,COVID,0.9856217503547668,1
COVID-418.png,COVID,COVID,0.9999449253082275,1
COVID-419.png,COVID,COVID,0.9999958276748657,1
COVID-453.png,COVID,COVID,0.9999995231628418,1
COVID-456.png,COVID,COVID,0.9920406937599182,1
COVID-460.png,COVID,COVID,0.999964714050293,1
COVID-467.png,COVID,Normal,0.8190000653266907,0
COVID-470.png,COVID,COVID,0.6937251687049866,1
COVID-475.png,COVID,COVID,0.9999614953994751,1
COVID-488.png,COVID,COVID,0.7154475450515747,1
COVID-489.png,COVID,COVID,0.9996708631515503,1
COVID-493.png,COVID,COVID,0.9997500777244568,1
COVID-497.png,COVID,COVID,0.9999542236328125,1
COVID-500.png,COVID,COVID,0.5135985612869263,1
COVID-503.png,COVID,COVID,0.9997782111167908,1
COVID-511.png,COVID,COVID,0.9999972581863403,1
COVID-513.png,COVID,COVID,0.9999996423721313,1
COVID-516.png,COVID,COVID,1.0,1
COVID-525.png,COVID,COVID,0.9999009370803833,1
COVID-538.png,COVID,COVID,0.9998375177383423,1
COVID-541.png,COVID,COVID,0.5929936766624451,1
COVID-547.png,COVID,COVID,0.9996113181114197,1
COVID-551.png,COVID,COVID,0.9905775785446167,1
COVID-560.png,COVID,COVID,0.9993639588356018,1
COVID-563.png,COVID,COVID,0.9865330457687378,1
COVID-564.png,COVID,COVID,0.9964550733566284,1
COVID-570.png,COVID,COVID,0.9439509510993958,1
COVID-575.png,COVID,Lung_Opacity,0.8369355201721191,0
COVID-581.png,COVID,Normal,0.9882013201713562,0
COVID-587.png,COVID,COVID,0.9858567714691162,1
COVID-596.png,COVID,COVID,0.7895238399505615,1
COVID-601.png,COVID,COVID,0.9996974468231201,1
COVID-607.png,COVID,COVID,0.9943426847457886,1
COVID-609.png,COVID,COVID,0.9997183680534363,1
COVID-617.png,COVID,COVID,0.9988694787025452,1
COVID-624.png,COVID,COVID,0.9991004467010498,1
COVID-626.png,COVID,COVID,0.9999760389328003,1
COVID-628.png,COVID,COVID,0.9975566864013672,1
COVID-634.png,COVID,COVID,0.9977499842643738,1
COVID-636.png,COVID,COVID,0.9978137016296387,1
COVID-640.png,COVID,COVID,0.9538608193397522,1
COVID-641.png,COVID,COVID,0.9998830556869507,1
COVID-642.png,COVID,COVID,0.9996122717857361,1
COVID-647.png,COVID,COVID,0.9999172687530518,1
COVID-649.png,COVID,COVID,0.995684027671814,1
COVID-653.png,COVID,COVID,0.9954785704612732,1
COVID-657.png,COVID,COVID,0.9739974737167358,1
COVID-659.png,COVID,COVID,0.9926400184631348,1
COVID-660.png,COVID,COVID,0.9535344839096069,1
COVID-664.png,COVID,COVID,0.9900231957435608,1
COVID-676.png,COVID,COVID,0.9879308938980103,1
COVID-682.png,COVID,COVID,0.9484454393386841,1
COVID-684.png,COVID,COVID,0.9968546628952026,1
COVID-685.png,COVID,COVID,0.9938808679580688,1
COVID-699.png,COVID,COVID,0.9969069361686707,1
COVID-700.png,COVID,COVID,0.9993032217025757,1
COVID-703.png,COVID,COVID,0.9998188614845276,1
COVID-704.png,COVID,COVID,0.9916597008705139,1
COVID-710.png,COVID,COVID,0.999270498752594,1
COVID-714.png,COVID,COVID,0.999991774559021,1
COVID-718.png,COVID,Normal,0.9730955362319946,0
COVID-729.png,COVID,COVID,0.9999959468841553,1
COVID-733.png,COVID,COVID,0.9999804496765137,1
COVID-741.png,COVID,COVID,0.9999419450759888,1
COVID-748.png,COVID,Lung_Opacity,0.9998284578323364,0
COVID-751.png,COVID,COVID,0.999980092048645,1
COVID-754.png,COVID,COVID,0.6968159079551697,1
COVID-764.png,COVID,COVID,0.9999524354934692,1
COVID-767.png,COVID,COVID,0.6940897703170776,1
COVID-770.png,COVID,COVID,0.9771514534950256,1
COVID-774.png,COVID,COVID,0.9995046854019165,1
COVID-776.png,COVID,COVID,0.99992835521698,1
COVID-780.png,COVID,COVID,0.9996016621589661,1
COVID-785.png,COVID,COVID,0.9999828338623047,1
COVID-792.png,COVID,COVID,0.9999978542327881,1
COVID-796.png,COVID,COVID,0.999885082244873,1
COVID-798.png,COVID,COVID,0.9871958494186401,1
COVID-805.png,COVID,COVID,0.7651528716087341,1
COVID-816.png,COVID,COVID,0.9999890327453613,1
COVID-826.png,COVID,COVID,0.999262273311615,1
COVID-829.png,COVID,COVID,0.9979745745658875,1
COVID-831.png,COVID,COVID,0.9210115075111389,1
COVID-834.png,COVID,COVID,0.943057656288147,1
COVID-836.png,COVID,COVID,0.9830060601234436,1
COVID-838.png,COVID,COVID,0.9718146920204163,1
COVID-851.png,COVID,COVID,0.9663111567497253,1
COVID-852.png,COVID,COVID,0.9999979734420776,1
COVID-854.png,COVID,Normal,0.9802601933479309,0
COVID-855.png,COVID,COVID,0.9999821186065674,1
COVID-861.png,COVID,COVID,0.9999942779541016,1
COVID-864.png,COVID,COVID,0.9999943971633911,1
COVID-871.png,COVID,COVID,0.9999891519546509,1
COVID-873.png,COVID,COVID,0.999881386756897,1
COVID-877.png,COVID,COVID,0.9999984502792358,1
COVID-878.png,COVID,COVID,0.9975726008415222,1
COVID-879.png,COVID,COVID,0.9995498061180115,1
COVID-881.png,COVID,COVID,0.9997007846832275,1
COVID-885.png,COVID,COVID,0.9921740293502808,1
COVID-895.png,COVID,COVID,0.9999330043792725,1
COVID-896.png,COVID,COVID,0.9920503497123718,1
COVID-897.png,COVID,COVID,0.9999444484710693,1
COVID-921.png,COVID,COVID,0.9989120960235596,1
COVID-954.png,COVID,COVID,0.9993178844451904,1
COVID-955.png,COVID,COVID,0.9999943971633911,1
COVID-956.png,COVID,COVID,0.9998610019683838,1
COVID-957.png,COVID,COVID,0.999972939491272,1
COVID-958.png,COVID,COVID,0.9968417882919312,1
COVID-960.png,COVID,COVID,0.9999477863311768,1
COVID-961.png,COVID,COVID,0.9999996423721313,1
COVID-972.png,COVID,COVID,0.8133686184883118,1
COVID-973.png,COVID,COVID,0.9999923706054688,1
COVID-976.png,COVID,Normal,0.9888005256652832,0
COVID-978.png,COVID,COVID,0.9999727010726929,1
COVID-981.png,COVID,COVID,0.9999099969863892,1
COVID-992.png,COVID,COVID,0.9965482354164124,1
COVID-993.png,COVID,COVID,0.9999411106109619,1
COVID-996.png,COVID,COVID,0.9996299743652344,1
COVID-997.png,COVID,COVID,0.9999762773513794,1
COVID-1009.png,COVID,COVID,0.9993671774864197,1
COVID-1013.png,COVID,COVID,0.9476261138916016,1
COVID-1016.png,COVID,COVID,0.9999257326126099,1
COVID-1017.png,COVID,COVID,0.9908329844474792,1
COVID-1021.png,COVID,COVID,0.938955545425415,1
COVID-1022.png,COVID,COVID,0.9999829530715942,1
COVID-1029.png,COVID,Lung_Opacity,0.8346297144889832,0
COVID-1039.png,COVID,COVID,0.9992826581001282,1
COVID-1046.png,COVID,COVID,0.9999333620071411,1
COVID-1052.png,COVID,COVID,0.9960743188858032,1
COVID-1060.png,COVID,COVID,0.9998270869255066,1
COVID-1061.png,COVID,COVID,0.999392032623291,1
COVID-1063.png,COVID,COVID,0.9999605417251587,1
COVID-1066.png,COVID,COVID,0.996898889541626,1
COVID-1067.png,COVID,COVID,0.984798014163971,1
COVID-1070.png,COVID,Lung_Opacity,0.5306968688964844,0
COVID-1077.png,COVID,COVID,0.9999804496765137,1
COVID-1078.png,COVID,COVID,0.9999892711639404,1
COVID-1082.png,COVID,COVID,0.9976409673690796,1
COVID-1083.png,COVID,COVID,0.9968089461326599,1
COVID-1093.png,COVID,COVID,0.9997746348381042,1
COVID-1096.png,COVID,COVID,0.9999750852584839,1
COVID-1116.png,COVID,COVID,0.8402004241943359,1
COVID-1120.png,COVID,COVID,0.9990012049674988,1
COVID-1123.png,COVID,COVID,0.9999855756759644,1
COVID-1127.png,COVID,COVID,0.8878138065338135,1
COVID-1130.png,COVID,Normal,0.9732289910316467,0
COVID-1131.png,COVID,Normal,0.6929770708084106,0
COVID-1137.png,COVID,COVID,0.9999942779541016,1
COVID-1140.png,COVID,COVID,0.7629333734512329,1
COVID-1142.png,COVID,COVID,0.9943897128105164,1
COVID-1148.png,COVID,COVID,0.7080328464508057,1
COVID-1149.png,COVID,COVID,0.9998760223388672,1
COVID-1151.png,COVID,COVID,0.9996600151062012,1
COVID-1153.png,COVID,COVID,0.9999974966049194,1
COVID-1154.png,COVID,COVID,0.8934182524681091,1
COVID-1155.png,COVID,COVID,0.9999927282333374,1
COVID-1156.png,COVID,COVID,0.9995619654655457,1
COVID-1157.png,COVID,Lung_Opacity,0.9986171722412109,0
COVID-1159.png,COVID,COVID,0.9999903440475464,1
COVID-1163.png,COVID,COVID,0.8356354236602783,1
COVID-1167.png,COVID,COVID,0.9999934434890747,1
COVID-1168.png,COVID,Normal,0.6057711243629456,0
COVID-1181.png,COVID,COVID,0.9124429225921631,1
COVID-1184.png,COVID,COVID,0.9997653365135193,1
COVID-1185.png,COVID,COVID,0.999982476234436,1
COVID-1192.png,COVID,Normal,0.8586035966873169,0
COVID-1198.png,COVID,COVID,0.9962844848632812,1
COVID-1206.png,COVID,COVID,0.9812646508216858,1
COVID-1210.png,COVID,COVID,0.9993070363998413,1
COVID-1213.png,COVID,COVID,0.537739634513855,1
COVID-1216.png,COVID,COVID,0.9999958276748657,1
COVID-1218.png,COVID,COVID,0.9989219903945923,1
COVID-1219.png,COVID,COVID,0.9998584985733032,1
COVID-1220.png,COVID,COVID,0.9999514818191528,1
COVID-1228.png,COVID,COVID,0.9989816546440125,1
COVID-1239.png,COVID,COVID,0.9999217987060547,1
COVID-1244.png,COVID,COVID,0.9999474287033081,1
COVID-1258.png,COVID,COVID,0.9999539852142334,1
COVID-1268.png,COVID,COVID,0.949479341506958,1
COVID-1276.png,COVID,COVID,0.9999260902404785,1
COVID-1283.png,COVID,COVID,0.9994656443595886,1
COVID-1292.png,COVID,COVID,0.9999260902404785,1
COVID-1295.png,COVID,COVID,0.9998854398727417,1
COVID-1297.png,COVID,COVID,0.9998304843902588,1
COVID-1298.png,COVID,COVID,0.9998862743377686,1
COVID-1301.png,COVID,COVID,0.9989516735076904,1
COVID-1307.png,COVID,COVID,0.9512590765953064,1
COVID-1313.png,COVID,COVID,0.9999802112579346,1
COVID-1325.png,COVID,COVID,0.9991389513015747,1
COVID-1328.png,COVID,COVID,0.9993564486503601,1
COVID-1347.png,COVID,COVID,0.9999749660491943,1
COVID-1349.png,COVID,COVID,0.6523773670196533,1
COVID-1355.png,COVID,COVID,0.9999939203262329,1
COVID-1364.png,COVID,COVID,0.9999901056289673,1
COVID-1366.png,COVID,COVID,0.999991774559021,1
COVID-1368.png,COVID,COVID,0.9999990463256836,1
COVID-1370.png,COVID,COVID,0.9988353848457336,1
COVID-1385.png,COVID,COVID,0.7955886721611023,1
COVID-1389.png,COVID,COVID,0.9982849955558777,1
COVID-1391.png,COVID,COVID,0.8371338844299316,1
COVID-1401.png,COVID,COVID,0.9999814033508301,1
COVID-1409.png,COVID,COVID,0.9947445392608643,1
COVID-1410.png,COVID,COVID,0.9999945163726807,1
COVID-1416.png,COVID,COVID,0.9999604225158691,1
COVID-1417.png,COVID,COVID,0.9999995231628418,1
COVID-1435.png,COVID,COVID,0.997789740562439,1
COVID-1439.png,COVID,COVID,0.8543322682380676,1
COVID-1440.png,COVID,COVID,0.9999794960021973,1
COVID-1441.png,COVID,COVID,0.999991774559021,1
COVID-1444.png,COVID,COVID,0.9989603757858276,1
COVID-1446.png,COVID,COVID,0.999922513961792,1
COVID-1471.png,COVID,COVID,0.9999998807907104,1
COVID-1479.png,COVID,Normal,0.9454814195632935,0
COVID-1480.png,COVID,COVID,0.998848557472229,1
COVID-1483.png,COVID,COVID,0.9997949004173279,1
COVID-1485.png,COVID,COVID,0.9999911785125732,1
COVID-1486.png,COVID,COVID,0.8355560302734375,1
COVID-1493.png,COVID,COVID,0.9999923706054688,1
COVID-1496.png,COVID,COVID,0.9996316432952881,1
COVID-1497.png,COVID,COVID,0.9999998807907104,1
COVID-1501.png,COVID,COVID,0.995642900466919,1
COVID-1505.png,COVID,COVID,0.9999970197677612,1
COVID-1516.png,COVID,COVID,0.9874788522720337,1
COVID-1517.png,COVID,COVID,0.9999934434890747,1
COVID-1520.png,COVID,COVID,0.9999523162841797,1
COVID-1521.png,COVID,COVID,1.0,1
COVID-1523.png,COVID,COVID,0.573533296585083,1
COVID-1528.png,COVID,COVID,0.9824893474578857,1
COVID-1529.png,COVID,COVID,0.9769788384437561,1
COVID-1530.png,COVID,COVID,0.9989818930625916,1
COVID-1535.png,COVID,COVID,0.9999911785125732,1
COVID-1541.png,COVID,COVID,0.9777412414550781,1
COVID-1543.png,COVID,COVID,0.9999589920043945,1
COVID-1549.png,COVID,COVID,0.9999680519104004,1
COVID-1569.png,COVID,COVID,0.9999887943267822,1
COVID-1571.png,COVID,COVID,0.9997556805610657,1
COVID-1572.png,COVID,COVID,0.9999752044677734,1
COVID-1580.png,COVID,COVID,0.995692789554596,1
COVID-1586.png,COVID,COVID,0.9961622953414917,1
COVID-1590.png,COVID,COVID,0.9943471550941467,1
COVID-1596.png,COVID,COVID,0.999998927116394,1
COVID-1598.png,COVID,Normal,0.9976911544799805,0
COVID-1604.png,COVID,COVID,0.6243161559104919,1
COVID-1626.png,COVID,Normal,0.5033770799636841,0
COVID-1631.png,COVID,COVID,0.9999651908874512,1
COVID-1632.png,COVID,COVID,0.9999266862869263,1
COVID-1635.png,COVID,COVID,0.999751627445221,1
COVID-1636.png,COVID,COVID,0.9993036985397339,1
COVID-1637.png,COVID,COVID,0.9950433969497681,1
COVID-1639.png,COVID,COVID,0.9702994227409363,1
COVID-1644.png,COVID,COVID,0.9999814033508301,1
COVID-1649.png,COVID,COVID,0.9907577037811279,1
COVID-1650.png,COVID,COVID,0.9999980926513672,1
COVID-1662.png,COVID,COVID,0.7254490256309509,1
COVID-1664.png,COVID,COVID,0.9998857975006104,1
COVID-1665.png,COVID,Normal,0.5516481995582581,0
COVID-1677.png,COVID,COVID,0.9999234676361084,1
COVID-1679.png,COVID,COVID,0.9905782341957092,1
COVID-1680.png,COVID,COVID,0.9933606386184692,1
COVID-1681.png,COVID,COVID,0.9982513785362244,1
COVID-1683.png,COVID,COVID,0.9999885559082031,1
COVID-1684.png,COVID,COVID,0.9997560381889343,1
COVID-1686.png,COVID,COVID,0.9999028444290161,1
COVID-1687.png,COVID,COVID,0.8330032825469971,1
COVID-1688.png,COVID,COVID,0.9995162487030029,1
COVID-1694.png,COVID,COVID,0.9999594688415527,1
COVID-1696.png,COVID,COVID,0.9999842643737793,1
COVID-1697.png,COVID,COVID,0.9999434947967529,1
COVID-1699.png,COVID,COVID,0.9660979509353638,1
COVID-1705.png,COVID,COVID,0.9981580376625061,1
COVID-1706.png,COVID,COVID,0.999471127986908,1
COVID-1708.png,COVID,COVID,0.9999983310699463,1
COVID-1716.png,COVID,COVID,0.9977926015853882,1
COVID-1723.png,COVID,COVID,0.7703107595443726,1
COVID-1734.png,COVID,COVID,0.9998887777328491,1
COVID-1735.png,COVID,COVID,0.9999743700027466,1
COVID-1752.png,COVID,COVID,0.9999551773071289,1
COVID-1758.png,COVID,COVID,0.9999961853027344,1
COVID-1759.png,COVID,Normal,0.49858400225639343,0
COVID-1760.png,COVID,COVID,0.9979494214057922,1
COVID-1769.png,COVID,COVID,0.9942640662193298,1
COVID-1774.png,COVID,COVID,0.9997289776802063,1
COVID-1782.png,COVID,COVID,0.9999884366989136,1
COVID-1783.png,COVID,COVID,0.9996793270111084,1
COVID-1786.png,COVID,COVID,0.9999274015426636,1
COVID-1788.png,COVID,COVID,0.9879000186920166,1
COVID-1795.png,COVID,COVID,0.9981669187545776,1
COVID-1797.png,COVID,Lung_Opacity,0.6915069818496704,0
COVID-1800.png,COVID,Normal,0.7038041949272156,0
COVID-1803.png,COVID,COVID,0.9996452331542969,1
COVID-1807.png,COVID,COVID,0.9999774694442749,1
COVID-1811.png,COVID,COVID,0.9714429378509521,1
COVID-1817.png,COVID,COVID,0.9994613528251648,1
COVID-1820.png,COVID,COVID,0.7757285237312317,1
COVID-1822.png,COVID,COVID,0.8326077461242676,1
COVID-1824.png,COVID,COVID,0.9932647943496704,1
COVID-1828.png,COVID,COVID,0.9996954202651978,1
COVID-1842.png,COVID,COVID,0.7482107877731323,1
COVID-1844.png,COVID,Normal,0.9640575647354126,0
COVID-1854.png,COVID,COVID,0.9708789587020874,1
COVID-1857.png,COVID,COVID,0.9509465098381042,1
COVID-1864.png,COVID,COVID,0.9999964237213135,1
COVID-1882.png,COVID,COVID,0.9940451383590698,1
COVID-1885.png,COVID,Lung_Opacity,0.8973337411880493,0
COVID-1891.png,COVID,Viral Pneumonia,0.6710111498832703,0
COVID-1893.png,COVID,COVID,0.8104510307312012,1
COVID-1896.png,COVID,COVID,0.9993081092834473,1
COVID-1900.png,COVID,COVID,0.99269038438797,1
COVID-1904.png,COVID,COVID,0.9999896287918091,1
COVID-1907.png,COVID,COVID,0.999528169631958,1
COVID-1920.png,COVID,COVID,0.9980436563491821,1
COVID-1924.png,COVID,COVID,0.9998552799224854,1
COVID-1931.png,COVID,COVID,0.9998268485069275,1
COVID-1932.png,COVID,COVID,0.9999819993972778,1
COVID-1956.png,COVID,Normal,0.9143314361572266,0
COVID-1959.png,COVID,COVID,0.8891456127166748,1
COVID-1960.png,COVID,COVID,0.9126284718513489,1
COVID-1970.png,COVID,COVID,0.9997493624687195,1
COVID-1975.png,COVID,COVID,0.9990842342376709,1
COVID-1982.png,COVID,Normal,0.5060366988182068,0
COVID-1983.png,COVID,COVID,0.9998242259025574,1
COVID-1987.png,COVID,COVID,0.9989516735076904,1
COVID-1997.png,COVID,COVID,0.9986287355422974,1
COVID-1999.png,COVID,COVID,0.9997580647468567,1
COVID-2007.png,COVID,Normal,0.7479553818702698,0
COVID-2028.png,COVID,COVID,0.9664021134376526,1
COVID-2039.png,COVID,COVID,0.9999891519546509,1
COVID-2042.png,COVID,COVID,0.9823275804519653,1
COVID-2048.png,COVID,COVID,0.9653754830360413,1
COVID-2050.png,COVID,Normal,0.6513460874557495,0
COVID-2057.png,COVID,Normal,0.8145874738693237,0
COVID-2062.png,COVID,COVID,0.9915380477905273,1
COVID-2063.png,COVID,COVID,0.9840001463890076,1
COVID-2066.png,COVID,COVID,0.9999936819076538,1
COVID-2069.png,COVID,COVID,0.9990736246109009,1
COVID-2071.png,COVID,COVID,0.9935147762298584,1
COVID-2075.png,COVID,COVID,0.999962329864502,1
COVID-2077.png,COVID,COVID,0.9999769926071167,1
COVID-2083.png,COVID,Normal,0.6085436344146729,0
COVID-2086.png,COVID,COVID,0.9961681962013245,1
COVID-2089.png,COVID,COVID,0.9820107817649841,1
COVID-2102.png,COVID,COVID,0.999897837638855,1
COVID-2110.png,COVID,COVID,0.9986175298690796,1
COVID-2136.png,COVID,COVID,0.9995524287223816,1
COVID-2140.png,COVID,COVID,0.9824270009994507,1
COVID-2142.png,COVID,COVID,0.9995601773262024,1
COVID-2144.png,COVID,COVID,0.8338213562965393,1
COVID-2147.png,COVID,COVID,0.9999895095825195,1
COVID-2157.png,COVID,COVID,0.9843857884407043,1
COVID-2161.png,COVID,COVID,0.9999945163726807,1
COVID-2170.png,COVID,COVID,0.9998661279678345,1
COVID-2183.png,COVID,COVID,0.9371873140335083,1
COVID-2192.png,COVID,COVID,0.9998835325241089,1
COVID-2198.png,COVID,COVID,0.9984571933746338,1
COVID-2199.png,COVID,COVID,0.9986205101013184,1
COVID-2200.png,COVID,COVID,0.9701833724975586,1
COVID-2201.png,COVID,COVID,0.9974489808082581,1
COVID-2206.png,COVID,COVID,0.9999247789382935,1
COVID-2208.png,COVID,COVID,0.9995355606079102,1
COVID-2215.png,COVID,COVID,0.9998972415924072,1
COVID-2218.png,COVID,COVID,0.9999964237213135,1
COVID-2225.png,COVID,COVID,0.9946956038475037,1
COVID-2236.png,COVID,COVID,0.9674602746963501,1
COVID-2238.png,COVID,COVID,0.9996896982192993,1
COVID-2240.png,COVID,COVID,0.999906063079834,1
COVID-2254.png,COVID,COVID,0.9858493804931641,1
COVID-2256.png,COVID,COVID,0.9998784065246582,1
COVID-2265.png,COVID,COVID,0.9947026371955872,1
COVID-2266.png,COVID,COVID,0.9999172687530518,1
COVID-2268.png,COVID,COVID,0.9454666972160339,1
COVID-2278.png,COVID,COVID,0.977231502532959,1
COVID-2279.png,COVID,COVID,0.9876748323440552,1
COVID-2295.png,COVID,Normal,0.9978511333465576,0
COVID-2301.png,COVID,COVID,0.999993085861206,1
COVID-2302.png,COVID,COVID,0.9997841715812683,1
COVID-2306.png,COVID,COVID,0.9999377727508545,1
COVID-2312.png,COVID,COVID,0.9993513226509094,1
COVID-2318.png,COVID,COVID,0.9999366998672485,1
COVID-2325.png,COVID,COVID,0.4964492917060852,1
COVID-2327.png,COVID,COVID,0.9758317470550537,1
COVID-2328.png,COVID,COVID,0.978578507900238,1
COVID-2332.png,COVID,COVID,0.9999923706054688,1
COVID-2337.png,COVID,COVID,0.9996042847633362,1
COVID-2344.png,COVID,COVID,0.999413251876831,1
COVID-2353.png,COVID,COVID,0.9987188577651978,1
COVID-2362.png,COVID,COVID,0.99982750415802,1
COVID-2364.png,COVID,COVID,0.9999947547912598,1
COVID-2369.png,COVID,COVID,0.9997555613517761,1
COVID-2386.png,COVID,COVID,0.9999164342880249,1
COVID-2387.png,COVID,COVID,0.9999423027038574,1
COVID-2389.png,COVID,COVID,0.993232250213623,1
COVID-2392.png,COVID,COVID,0.9999829530715942,1
COVID-2394.png,COVID,COVID,0.9967693090438843,1
COVID-2396.png,COVID,COVID,0.9999966621398926,1
COVID-2428.png,COVID,COVID,0.9903494119644165,1
COVID-2433.png,COVID,COVID,0.9388927817344666,1
COVID-2434.png,COVID,COVID,0.9265195727348328,1
COVID-2435.png,COVID,COVID,0.9940922856330872,1
COVID-2436.png,COVID,COVID,0.9949557185173035,1
COVID-2445.png,COVID,COVID,0.9988119602203369,1
COVID-2446.png,COVID,COVID,0.9907093048095703,1
COVID-2450.png,COVID,COVID,0.9999306201934814,1
COVID-2451.png,COVID,COVID,0.9999701976776123,1
COVID-2455.png,COVID,Lung_Opacity,0.9815099239349365,0
COVID-2456.png,COVID,Lung_Opacity,0.7886016964912415,0
COVID-2480.png,COVID,COVID,0.99992835521698,1
COVID-2486.png,COVID,COVID,0.934339165687561,1
COVID-2490.png,COVID,COVID,0.8573617339134216,1
COVID-2492.png,COVID,COVID,0.8438381552696228,1
COVID-2493.png,COVID,COVID,0.8438381552696228,1
COVID-2503.png,COVID,COVID,0.9928100109100342,1
COVID-2505.png,COVID,COVID,0.9999375343322754,1
COVID-2512.png,COVID,COVID,0.9999698400497437,1
COVID-2519.png,COVID,COVID,0.9898714423179626,1
COVID-2521.png,COVID,COVID,0.9998419284820557,1
COVID-2522.png,COVID,COVID,0.9997442364692688,1
COVID-2524.png,COVID,COVID,0.9955663084983826,1
COVID-2525.png,COVID,COVID,0.997553288936615,1
COVID-2533.png,COVID,COVID,0.9920536279678345,1
COVID-2538.png,COVID,COVID,0.9994827508926392,1
COVID-2540.png,COVID,COVID,0.9999850988388062,1
COVID-2545.png,COVID,COVID,0.8141130805015564,1
COVID-2547.png,COVID,COVID,0.999951958656311,1
COVID-2557.png,COVID,COVID,0.9993457198143005,1
COVID-2558.png,COVID,COVID,0.8999900817871094,1
COVID-2559.png,COVID,COVID,0.9999518394470215,1
COVID-2560.png,COVID,Normal,0.9132199883460999,0
COVID-2566.png,COVID,COVID,0.9999641180038452,1
COVID-2569.png,COVID,COVID,0.9999110698699951,1
COVID-2570.png,COVID,COVID,0.9701417088508606,1
COVID-2573.png,COVID,COVID,0.9969103932380676,1
COVID-2599.png,COVID,COVID,0.9989307522773743,1
COVID-2605.png,COVID,Normal,0.9660515189170837,0
COVID-2613.png,COVID,COVID,0.9985923171043396,1
COVID-2614.png,COVID,COVID,0.9999507665634155,1
COVID-2617.png,COVID,COVID,0.7494861483573914,1
COVID-2618.png,COVID,Lung_Opacity,0.9877957105636597,0
COVID-2626.png,COVID,COVID,0.9998984336853027,1
COVID-2636.png,COVID,COVID,0.9996588230133057,1
COVID-2641.png,COVID,COVID,0.9973492622375488,1
COVID-2653.png,COVID,COVID,0.998845100402832,1
COVID-2661.png,COVID,COVID,0.9990732669830322,1
COVID-2676.png,COVID,COVID,0.761526346206665,1
COVID-2681.png,COVID,COVID,0.9999945163726807,1
COVID-2682.png,COVID,COVID,0.9993516802787781,1
COVID-2691.png,COVID,COVID,0.9043833613395691,1
COVID-2694.png,COVID,COVID,0.9983329176902771,1
COVID-2696.png,COVID,COVID,0.9999805688858032,1
COVID-2702.png,COVID,COVID,0.9980050921440125,1
COVID-2704.png,COVID,COVID,0.9889788031578064,1
COVID-2706.png,COVID,COVID,0.9998857975006104,1
COVID-2711.png,COVID,COVID,0.9048105478286743,1
COVID-2730.png,COVID,COVID,0.9911994338035583,1
COVID-2732.png,COVID,COVID,0.9999839067459106,1
COVID-2734.png,COVID,COVID,0.9973702430725098,1
COVID-2735.png,COVID,COVID,0.999940037727356,1
COVID-2736.png,COVID,COVID,0.9890034794807434,1
COVID-2738.png,COVID,COVID,0.9993684887886047,1
COVID-2739.png,COVID,COVID,0.9997935891151428,1
COVID-2745.png,COVID,COVID,0.999984622001648,1
COVID-2748.png,COVID,COVID,0.9994010925292969,1
COVID-2768.png,COVID,COVID,0.9999021291732788,1
COVID-2774.png,COVID,COVID,0.9990218877792358,1
COVID-2775.png,COVID,Lung_Opacity,0.9617714285850525,0
COVID-2778.png,COVID,COVID,0.9963325262069702,1
COVID-2783.png,COVID,COVID,0.9999649524688721,1
COVID-2787.png,COVID,COVID,0.9978107810020447,1
COVID-2791.png,COVID,COVID,0.9220149517059326,1
COVID-2797.png,COVID,COVID,0.998792290687561,1
COVID-2798.png,COVID,COVID,0.9950450658798218,1
COVID-2800.png,COVID,COVID,0.9998700618743896,1
COVID-2807.png,COVID,COVID,0.9991889595985413,1
COVID-2809.png,COVID,COVID,0.9991889595985413,1
COVID-2810.png,COVID,COVID,0.9991889595985413,1
COVID-2812.png,COVID,COVID,0.9991889595985413,1
COVID-2815.png,COVID,COVID,0.9971229434013367,1
COVID-2817.png,COVID,COVID,0.5661241412162781,1
COVID-2825.png,COVID,COVID,0.9980510473251343,1
COVID-2838.png,COVID,COVID,0.9980574250221252,1
COVID-2839.png,COVID,COVID,0.998722493648529,1
COVID-2840.png,COVID,Lung_Opacity,0.5628727078437805,0
COVID-2843.png,COVID,COVID,0.9522128701210022,1
COVID-2849.png,COVID,Normal,0.9485089182853699,0
COVID-2850.png,COVID,COVID,0.9952183365821838,1
COVID-2854.png,COVID,COVID,0.8750612139701843,1
COVID-2864.png,COVID,COVID,0.9790148138999939,1
COVID-2870.png,COVID,COVID,0.9993345141410828,1
COVID-2871.png,COVID,COVID,0.9999843835830688,1
COVID-2876.png,COVID,COVID,0.9998639822006226,1
COVID-2880.png,COVID,COVID,0.9999966621398926,1
COVID-2889.png,COVID,COVID,0.9997919201850891,1
COVID-2897.png,COVID,COVID,0.9976567029953003,1
COVID-2902.png,COVID,COVID,0.993847668170929,1
COVID-2905.png,COVID,COVID,0.9978101849555969,1
COVID-2909.png,COVID,COVID,0.9999858140945435,1
COVID-2912.png,COVID,COVID,0.9992125034332275,1
COVID-2915.png,COVID,COVID,0.9529641270637512,1
COVID-2920.png,COVID,COVID,0.999127209186554,1
COVID-2927.png,COVID,COVID,0.9992583394050598,1
COVID-2932.png,COVID,COVID,0.9998748302459717,1
COVID-2939.png,COVID,COVID,0.5149706602096558,1
COVID-2940.png,COVID,COVID,0.9999898672103882,1
COVID-2945.png,COVID,COVID,0.9484683871269226,1
COVID-2946.png,COVID,COVID,0.9484683871269226,1
COVID-2951.png,COVID,COVID,0.9960327744483948,1
COVID-2960.png,COVID,COVID,0.9989007711410522,1
COVID-2962.png,COVID,COVID,0.9999197721481323,1
COVID-2968.png,COVID,COVID,0.9943903088569641,1
COVID-2971.png,COVID,COVID,0.9915993213653564,1
COVID-2972.png,COVID,COVID,0.9998934268951416,1
COVID-2976.png,COVID,COVID,0.8916261792182922,1
COVID-2977.png,COVID,COVID,0.9999936819076538,1
COVID-2978.png,COVID,COVID,0.9999966621398926,1
COVID-2984.png,COVID,COVID,0.9999854564666748,1
COVID-3000.png,COVID,Normal,0.9999407529830933,0
COVID-3003.png,COVID,COVID,0.9999970197677612,1
COVID-3004.png,COVID,Normal,0.9903439283370972,0
COVID-3006.png,COVID,COVID,0.9971145391464233,1
COVID-3010.png,COVID,COVID,0.9996532201766968,1
COVID-3019.png,COVID,COVID,0.9998788833618164,1
COVID-3026.png,COVID,COVID,0.974240243434906,1
COVID-3030.png,COVID,COVID,0.9942572116851807,1
COVID-3036.png,COVID,COVID,0.9983471632003784,1
COVID-3041.png,COVID,COVID,0.9595942497253418,1
COVID-3051.png,COVID,COVID,0.9972972273826599,1
COVID-3052.png,COVID,COVID,0.9991181492805481,1
COVID-3060.png,COVID,COVID,0.9046025276184082,1
COVID-3061.png,COVID,Normal,0.8202916383743286,0
COVID-3063.png,COVID,COVID,0.978665292263031,1
COVID-3066.png,COVID,COVID,0.9998661279678345,1
COVID-3068.png,COVID,COVID,0.7784804701805115,1
COVID-3069.png,COVID,COVID,0.7245492339134216,1
COVID-3073.png,COVID,Normal,0.9986289739608765,0
COVID-3074.png,COVID,COVID,0.7310090065002441,1
COVID-3075.png,COVID,COVID,0.9999662637710571,1
COVID-3092.png,COVID,COVID,0.9240551590919495,1
COVID-3093.png,COVID,COVID,0.5993049144744873,1
COVID-3094.png,COVID,COVID,0.9999716281890869,1
COVID-3095.png,COVID,COVID,0.9999171495437622,1
COVID-3098.png,COVID,COVID,0.9998527765274048,1
COVID-3100.png,COVID,COVID,0.7222782969474792,1
COVID-3105.png,COVID,COVID,0.9997876286506653,1
COVID-3106.png,COVID,COVID,0.999821126461029,1
COVID-3107.png,COVID,COVID,0.9999103546142578,1
COVID-3109.png,COVID,COVID,0.9496417045593262,1
COVID-3111.png,COVID,COVID,0.9960291385650635,1
COVID-3113.png,COVID,COVID,0.8201680779457092,1
COVID-3120.png,COVID,COVID,0.994741678237915,1
COVID-3121.png,COVID,COVID,0.9752508997917175,1
COVID-3125.png,COVID,COVID,0.999147891998291,1
COVID-3135.png,COVID,COVID,0.999956488609314,1
COVID-3150.png,COVID,COVID,0.9503381252288818,1
COVID-3153.png,COVID,COVID,0.6844178438186646,1
COVID-3158.png,COVID,COVID,0.6553051471710205,1
COVID-3171.png,COVID,COVID,0.9977282881736755,1
COVID-3172.png,COVID,COVID,0.5887676477432251,1
COVID-3175.png,COVID,COVID,0.5075932741165161,1
COVID-3176.png,COVID,COVID,0.8398159146308899,1
COVID-3184.png,COVID,COVID,0.9939423203468323,1
COVID-3185.png,COVID,COVID,0.9995911717414856,1
COVID-3192.png,COVID,Lung_Opacity,0.8379078507423401,0
COVID-3203.png,COVID,COVID,0.9994800686836243,1
COVID-3219.png,COVID,COVID,0.9976105690002441,1
COVID-3220.png,COVID,Normal,0.6728636622428894,0
COVID-3227.png,COVID,COVID,0.9997145533561707,1
COVID-3235.png,COVID,COVID,0.8684021234512329,1
COVID-3240.png,COVID,COVID,0.9999991655349731,1
COVID-3243.png,COVID,COVID,0.9999655485153198,1
COVID-3255.png,COVID,COVID,0.9994269609451294,1
COVID-3256.png,COVID,COVID,0.9975123405456543,1
COVID-3262.png,COVID,COVID,0.98261559009552,1
COVID-3267.png,COVID,COVID,0.9999741315841675,1
COVID-3273.png,COVID,COVID,0.9984172582626343,1
COVID-3277.png,COVID,COVID,0.9995249509811401,1
COVID-3290.png,COVID,COVID,0.9984110593795776,1
COVID-3291.png,COVID,COVID,0.9956623911857605,1
COVID-3296.png,COVID,Lung_Opacity,0.9845120906829834,0
COVID-3297.png,COVID,COVID,0.9999996423721313,1
COVID-3303.png,COVID,COVID,0.9999706745147705,1
COVID-3305.png,COVID,Lung_Opacity,0.9712570309638977,0
COVID-3313.png,COVID,COVID,0.9996490478515625,1
COVID-3315.png,COVID,COVID,0.9998403787612915,1
COVID-3320.png,COVID,COVID,0.996355414390564,1
COVID-3329.png,COVID,COVID,0.9734818339347839,1
COVID-3341.png,COVID,COVID,0.9999094009399414,1
COVID-3343.png,COVID,COVID,0.9994180202484131,1
COVID-3346.png,COVID,Normal,0.9922228455543518,0
COVID-3347.png,COVID,Normal,0.9445331692695618,0
COVID-3350.png,COVID,COVID,0.9867272973060608,1
COVID-3355.png,COVID,COVID,0.9998015761375427,1
COVID-3373.png,COVID,COVID,0.9989463686943054,1
COVID-3376.png,COVID,COVID,0.9989463686943054,1
COVID-3378.png,COVID,COVID,0.9939438700675964,1
COVID-3380.png,COVID,COVID,0.9999932050704956,1
COVID-3381.png,COVID,COVID,0.9973892569541931,1
COVID-3382.png,COVID,COVID,0.9947576522827148,1
COVID-3386.png,COVID,COVID,0.9215380549430847,1
COVID-3391.png,COVID,COVID,0.9992934465408325,1
COVID-3398.png,COVID,COVID,0.9889699220657349,1
COVID-3405.png,COVID,COVID,0.9499437212944031,1
COVID-3408.png,COVID,COVID,0.9980288147926331,1
COVID-3410.png,COVID,COVID,0.9997749924659729,1
COVID-3411.png,COVID,COVID,0.9959344863891602,1
COVID-3418.png,COVID,COVID,0.9984074234962463,1
COVID-3424.png,COVID,COVID,0.9999115467071533,1
COVID-3428.png,COVID,COVID,0.9955518841743469,1
COVID-3437.png,COVID,COVID,0.999619722366333,1
COVID-3441.png,COVID,Normal,0.5827904939651489,0
COVID-3445.png,COVID,COVID,0.9528628587722778,1
COVID-3447.png,COVID,COVID,0.9985440969467163,1
COVID-3451.png,COVID,COVID,0.999786913394928,1
COVID-3453.png,COVID,Normal,0.5762531161308289,0
COVID-3456.png,COVID,COVID,0.9999898672103882,1
COVID-3460.png,COVID,COVID,0.9990279674530029,1
COVID-3462.png,COVID,COVID,0.6608646512031555,1
COVID-3464.png,COVID,COVID,0.9706183671951294,1
COVID-3466.png,COVID,COVID,0.9999645948410034,1
COVID-3470.png,COVID,Normal,0.6144425868988037,0
COVID-3471.png,COVID,COVID,0.9999960660934448,1
COVID-3472.png,COVID,COVID,0.9956812858581543,1
COVID-3481.png,COVID,COVID,0.9995380640029907,1
COVID-3486.png,COVID,COVID,0.9996154308319092,1
COVID-3492.png,COVID,COVID,0.9996185302734375,1
COVID-3500.png,COVID,COVID,0.9580549001693726,1
COVID-3506.png,COVID,COVID,0.9999854564666748,1
COVID-3508.png,COVID,COVID,0.9999943971633911,1
COVID-3510.png,COVID,COVID,0.9999963045120239,1
COVID-3513.png,COVID,COVID,0.9966673254966736,1
COVID-3515.png,COVID,COVID,0.9975582361221313,1
COVID-3517.png,COVID,COVID,0.9992176294326782,1
COVID-3520.png,COVID,COVID,0.6433753967285156,1
COVID-3524.png,COVID,COVID,0.9992111921310425,1
COVID-3527.png,COVID,COVID,0.9997021555900574,1
COVID-3528.png,COVID,COVID,0.9999382495880127,1
COVID-3529.png,COVID,Lung_Opacity,0.8873497843742371,0
COVID-3533.png,COVID,COVID,0.9950414299964905,1
COVID-3535.png,COVID,COVID,0.9786741733551025,1
COVID-3536.png,COVID,COVID,0.9999779462814331,1
COVID-3539.png,COVID,COVID,0.9999456405639648,1
COVID-3543.png,COVID,COVID,0.9992948770523071,1
COVID-3544.png,COVID,COVID,0.9886631369590759,1
COVID-3546.png,COVID,COVID,0.9963395595550537,1
COVID-3548.png,COVID,COVID,0.999697208404541,1
COVID-3557.png,COVID,COVID,0.9890791773796082,1
COVID-3558.png,COVID,COVID,0.9910268187522888,1
COVID-3568.png,COVID,COVID,0.9995101690292358,1
COVID-3571.png,COVID,COVID,0.9999191761016846,1
COVID-3583.png,COVID,COVID,0.9969623684883118,1
COVID-3585.png,COVID,COVID,0.987594485282898,1
COVID-3586.png,COVID,COVID,0.9999247789382935,1
COVID-3587.png,COVID,COVID,0.9999932050704956,1
COVID-3590.png,COVID,COVID,0.9990317821502686,1
COVID-3600.png,COVID,COVID,0.9990715980529785,1
COVID-3606.png,COVID,COVID,0.9997184872627258,1
COVID-3615.png,COVID,Normal,0.8628891706466675,0
Lung_Opacity-3.png,Lung_Opacity,Normal,0.9524514079093933,0
Lung_Opacity-8.png,Lung_Opacity,Lung_Opacity,0.9999765157699585,1
Lung_Opacity-19.png,Lung_Opacity,Lung_Opacity,0.9609310626983643,1
Lung_Opacity-26.png,Lung_Opacity,Lung_Opacity,0.8455685973167419,1
Lung_Opacity-33.png,Lung_Opacity,Lung_Opacity,0.9967017769813538,1
Lung_Opacity-43.png,Lung_Opacity,Normal,0.9752930998802185,0
Lung_Opacity-44.png,Lung_Opacity,Lung_Opacity,0.9999951124191284,1
Lung_Opacity-50.png,Lung_Opacity,Lung_Opacity,0.9999915361404419,1
Lung_Opacity-54.png,Lung_Opacity,Normal,0.7358435988426208,0
Lung_Opacity-61.png,Lung_Opacity,Lung_Opacity,0.999941349029541,1
Lung_Opacity-63.png,Lung_Opacity,Lung_Opacity,0.9999985694885254,1
Lung_Opacity-68.png,Lung_Opacity,Lung_Opacity,0.999993085861206,1
Lung_Opacity-73.png,Lung_Opacity,Lung_Opacity,0.8166221380233765,1
Lung_Opacity-83.png,Lung_Opacity,Lung_Opacity,0.9999665021896362,1
Lung_Opacity-84.png,Lung_Opacity,Lung_Opacity,0.9965523481369019,1
Lung_Opacity-86.png,Lung_Opacity,Lung_Opacity,0.9963703155517578,1
Lung_Opacity-87.png,Lung_Opacity,Lung_Opacity,0.999810516834259,1
Lung_Opacity-90.png,Lung_Opacity,Lung_Opacity,0.9935802221298218,1
Lung_Opacity-113.png,Lung_Opacity,Lung_Opacity,0.999957799911499,1
Lung_Opacity-114.png,Lung_Opacity,Lung_Opacity,0.9932558536529541,1
Lung_Opacity-115.png,Lung_Opacity,Lung_Opacity,0.9263008236885071,1
Lung_Opacity-116.png,Lung_Opacity,Lung_Opacity,0.999976396560669,1
Lung_Opacity-121.png,Lung_Opacity,Lung_Opacity,0.9999665021896362,1
Lung_Opacity-128.png,Lung_Opacity,Lung_Opacity,0.9999716281890869,1
Lung_Opacity-135.png,Lung_Opacity,Lung_Opacity,0.9996285438537598,1
Lung_Opacity-137.png,Lung_Opacity,Lung_Opacity,0.8188693523406982,1
Lung_Opacity-140.png,Lung_Opacity,Lung_Opacity,0.999723494052887,1
Lung_Opacity-147.png,Lung_Opacity,Lung_Opacity,0.9830873012542725,1
Lung_Opacity-151.png,Lung_Opacity,Lung_Opacity,0.9990168809890747,1
Lung_Opacity-153.png,Lung_Opacity,Lung_Opacity,0.6949976682662964,1
Lung_Opacity-154.png,Lung_Opacity,Lung_Opacity,0.9999583959579468,1
Lung_Opacity-159.png,Lung_Opacity,Normal,0.9436219930648804,0
Lung_Opacity-161.png,Lung_Opacity,Lung_Opacity,0.9998370409011841,1
Lung_Opacity-162.png,Lung_Opacity,Normal,0.9815261363983154,0
Lung_Opacity-166.png,Lung_Opacity,Normal,0.9216861724853516,0
Lung_Opacity-167.png,Lung_Opacity,Lung_Opacity,0.9999964237213135,1
Lung_Opacity-175.png,Lung_Opacity,Lung_Opacity,0.9999125003814697,1
Lung_Opacity-176.png,Lung_Opacity,Lung_Opacity,0.9972858428955078,1
Lung_Opacity-193.png,Lung_Opacity,Lung_Opacity,0.5966311097145081,1
Lung_Opacity-194.png,Lung_Opacity,Lung_Opacity,0.9398765563964844,1
Lung_Opacity-195.png,Lung_Opacity,Lung_Opacity,0.9999912977218628,1
Lung_Opacity-196.png,Lung_Opacity,Lung_Opacity,0.998163640499115,1
Lung_Opacity-198.png,Lung_Opacity,Lung_Opacity,0.932748019695282,1
Lung_Opacity-202.png,Lung_Opacity,Lung_Opacity,0.999987006187439,1
Lung_Opacity-204.png,Lung_Opacity,Lung_Opacity,0.6710737943649292,1
Lung_Opacity-205.png,Lung_Opacity,Normal,0.9510971307754517,0
Lung_Opacity-206.png,Lung_Opacity,Normal,0.9984862208366394,0
Lung_Opacity-207.png,Lung_Opacity,Lung_Opacity,0.9999827146530151,1
Lung_Opacity-208.png,Lung_Opacity,Lung_Opacity,0.9995558857917786,1
Lung_Opacity-216.png,Lung_Opacity,Lung_Opacity,0.9998437166213989,1
Lung_Opacity-220.png,Lung_Opacity,Lung_Opacity,0.999964714050293,1
Lung_Opacity-227.png,Lung_Opacity,Lung_Opacity,0.9985912442207336,1
Lung_Opacity-233.png,Lung_Opacity,Lung_Opacity,0.9999470710754395,1
Lung_Opacity-235.png,Lung_Opacity,Lung_Opacity,0.9838128089904785,1
Lung_Opacity-239.png,Lung_Opacity,Lung_Opacity,0.9996289014816284,1
Lung_Opacity-242.png,Lung_Opacity,Lung_Opacity,0.9903113842010498,1
Lung_Opacity-245.png,Lung_Opacity,COVID,0.9146773219108582,0
Lung_Opacity-250.png,Lung_Opacity,Lung_Opacity,0.9994699358940125,1
Lung_Opacity-251.png,Lung_Opacity,Lung_Opacity,0.9980394244194031,1
Lung_Opacity-254.png,Lung_Opacity,Lung_Opacity,0.9885436296463013,1
Lung_Opacity-271.png,Lung_Opacity,Lung_Opacity,0.9998651742935181,1
Lung_Opacity-272.png,Lung_Opacity,Lung_Opacity,0.9999427795410156,1
Lung_Opacity-277.png,Lung_Opacity,Lung_Opacity,0.9481130242347717,1
Lung_Opacity-278.png,Lung_Opacity,Normal,0.6791543960571289,0
Lung_Opacity-279.png,Lung_Opacity,Lung_Opacity,0.9984990358352661,1
Lung_Opacity-284.png,Lung_Opacity,Lung_Opacity,0.9999643564224243,1
Lung_Opacity-290.png,Lung_Opacity,Normal,0.9347297549247742,0
Lung_Opacity-295.png,Lung_Opacity,Lung_Opacity,0.9987975358963013,1
Lung_Opacity-299.png,Lung_Opacity,Normal,0.8635421395301819,0
Lung_Opacity-306.png,Lung_Opacity,Normal,0.973707377910614,0
Lung_Opacity-310.png,Lung_Opacity,Lung_Opacity,0.9999995231628418,1
Lung_Opacity-342.png,Lung_Opacity,Lung_Opacity,0.999437153339386,1
Lung_Opacity-356.png,Lung_Opacity,Lung_Opacity,0.9999812841415405,1
Lung_Opacity-357.png,Lung_Opacity,Lung_Opacity,0.999995231628418,1
Lung_Opacity-366.png,Lung_Opacity,Normal,0.9956602454185486,0
Lung_Opacity-369.png,Lung_Opacity,Lung_Opacity,0.9998310804367065,1
Lung_Opacity-370.png,Lung_Opacity,Normal,0.911800742149353,0
Lung_Opacity-371.png,Lung_Opacity,Normal,0.9828147292137146,0
Lung_Opacity-375.png,Lung_Opacity,Lung_Opacity,0.999891996383667,1
Lung_Opacity-384.png,Lung_Opacity,Lung_Opacity,0.9994799494743347,1
Lung_Opacity-387.png,Lung_Opacity,Lung_Opacity,0.9989010095596313,1
Lung_Opacity-390.png,Lung_Opacity,Lung_Opacity,0.9999716281890869,1
Lung_Opacity-393.png,Lung_Opacity,Normal,0.8695849776268005,0
Lung_Opacity-397.png,Lung_Opacity,Normal,0.9999426603317261,0
Lung_Opacity-407.png,Lung_Opacity,Lung_Opacity,0.9962818026542664,1
Lung_Opacity-445.png,Lung_Opacity,Lung_Opacity,0.9730319976806641,1
Lung_Opacity-449.png,Lung_Opacity,Normal,0.8470777869224548,0
Lung_Opacity-452.png,Lung_Opacity,Lung_Opacity,0.9972532391548157,1
Lung_Opacity-461.png,Lung_Opacity,Lung_Opacity,0.910042405128479,1
Lung_Opacity-471.png,Lung_Opacity,Lung_Opacity,0.9999995231628418,1
Lung_Opacity-485.png,Lung_Opacity,Lung_Opacity,0.9911196827888489,1
Lung_Opacity-489.png,Lung_Opacity,Lung_Opacity,0.9999587535858154,1
Lung_Opacity-490.png,Lung_Opacity,Lung_Opacity,0.9998144507408142,1
Lung_Opacity-491.png,Lung_Opacity,Normal,0.9991868138313293,0
Lung_Opacity-493.png,Lung_Opacity,Lung_Opacity,0.9833464622497559,1
Lung_Opacity-494.png,Lung_Opacity,Lung_Opacity,0.9996930360794067,1
Lung_Opacity-499.png,Lung_Opacity,Lung_Opacity,0.9998888969421387,1
Lung_Opacity-505.png,Lung_Opacity,Normal,0.9706984162330627,0
Lung_Opacity-509.png,Lung_Opacity,Lung_Opacity,0.9996851682662964,1
Lung_Opacity-515.png,Lung_Opacity,Lung_Opacity,0.999997615814209,1
Lung_Opacity-516.png,Lung_Opacity,Lung_Opacity,0.9996851682662964,1
Lung_Opacity-517.png,Lung_Opacity,Lung_Opacity,0.9999790191650391,1
Lung_Opacity-518.png,Lung_Opacity,Lung_Opacity,0.9999967813491821,1
Lung_Opacity-520.png,Lung_Opacity,Lung_Opacity,0.9505932331085205,1
Lung_Opacity-521.png,Lung_Opacity,Lung_Opacity,0.9999979734420776,1
Lung_Opacity-523.png,Lung_Opacity,Normal,0.9783284664154053,0
Lung_Opacity-532.png,Lung_Opacity,Lung_Opacity,0.998643696308136,1
Lung_Opacity-540.png,Lung_Opacity,Lung_Opacity,0.993255615234375,1
Lung_Opacity-560.png,Lung_Opacity,Normal,0.9999721050262451,0
Lung_Opacity-561.png,Lung_Opacity,Normal,0.9948856234550476,0
Lung_Opacity-567.png,Lung_Opacity,Lung_Opacity,0.9999023675918579,1
Lung_Opacity-571.png,Lung_Opacity,Lung_Opacity,0.9997668862342834,1
Lung_Opacity-573.png,Lung_Opacity,Lung_Opacity,0.9999817609786987,1
Lung_Opacity-581.png,Lung_Opacity,Lung_Opacity,0.9736975431442261,1
Lung_Opacity-597.png,Lung_Opacity,Lung_Opacity,0.9999102354049683,1
Lung_Opacity-601.png,Lung_Opacity,Normal,0.9990503191947937,0
Lung_Opacity-603.png,Lung_Opacity,Lung_Opacity,0.9990205764770508,1
Lung_Opacity-608.png,Lung_Opacity,Lung_Opacity,0.999448835849762,1
Lung_Opacity-610.png,Lung_Opacity,Normal,0.9990912675857544,0
Lung_Opacity-615.png,Lung_Opacity,Lung_Opacity,0.9999935626983643,1
Lung_Opacity-616.png,Lung_Opacity,Lung_Opacity,0.999626636505127,1
Lung_Opacity-620.png,Lung_Opacity,Lung_Opacity,0.9929594993591309,1
Lung_Opacity-629.png,Lung_Opacity,Normal,0.5879799723625183,0
Lung_Opacity-631.png,Lung_Opacity,Lung_Opacity,0.9996477365493774,1
Lung_Opacity-635.png,Lung_Opacity,Lung_Opacity,0.9658231735229492,1
Lung_Opacity-644.png,Lung_Opacity,Normal,0.9984679818153381,0
Lung_Opacity-645.png,Lung_Opacity,Lung_Opacity,0.9999752044677734,1
Lung_Opacity-646.png,Lung_Opacity,COVID,0.43716180324554443,0
Lung_Opacity-650.png,Lung_Opacity,Lung_Opacity,0.998012900352478,1
Lung_Opacity-651.png,Lung_Opacity,Lung_Opacity,0.9998205304145813,1
Lung_Opacity-659.png,Lung_Opacity,Lung_Opacity,0.9884358644485474,1
Lung_Opacity-661.png,Lung_Opacity,Lung_Opacity,0.9991901516914368,1
Lung_Opacity-662.png,Lung_Opacity,Lung_Opacity,0.9999785423278809,1
Lung_Opacity-667.png,Lung_Opacity,Lung_Opacity,0.9999258518218994,1
Lung_Opacity-668.png,Lung_Opacity,Lung_Opacity,0.9999834299087524,1
Lung_Opacity-671.png,Lung_Opacity,Lung_Opacity,0.9999712705612183,1
Lung_Opacity-675.png,Lung_Opacity,Lung_Opacity,0.9998830556869507,1
Lung_Opacity-680.png,Lung_Opacity,Lung_Opacity,0.9999467134475708,1
Lung_Opacity-681.png,Lung_Opacity,Lung_Opacity,0.9993993043899536,1
Lung_Opacity-690.png,Lung_Opacity,Lung_Opacity,0.9999018907546997,1
Lung_Opacity-691.png,Lung_Opacity,Lung_Opacity,0.9980765581130981,1
Lung_Opacity-693.png,Lung_Opacity,Lung_Opacity,0.9998024106025696,1
Lung_Opacity-700.png,Lung_Opacity,Lung_Opacity,0.9998301267623901,1
Lung_Opacity-718.png,Lung_Opacity,Lung_Opacity,0.9999998807907104,1
Lung_Opacity-720.png,Lung_Opacity,Lung_Opacity,0.9999915361404419,1
Lung_Opacity-721.png,Lung_Opacity,Lung_Opacity,0.999995231628418,1
Lung_Opacity-732.png,Lung_Opacity,Lung_Opacity,0.9911836385726929,1
Lung_Opacity-740.png,Lung_Opacity,Lung_Opacity,0.9997915625572205,1
Lung_Opacity-742.png,Lung_Opacity,Lung_Opacity,0.9999891519546509,1
Lung_Opacity-769.png,Lung_Opacity,Lung_Opacity,0.9999191761016846,1
Lung_Opacity-776.png,Lung_Opacity,Lung_Opacity,0.999998927116394,1
Lung_Opacity-797.png,Lung_Opacity,Lung_Opacity,0.9999451637268066,1
Lung_Opacity-803.png,Lung_Opacity,Lung_Opacity,0.9999995231628418,1
Lung_Opacity-804.png,Lung_Opacity,COVID,0.8229268789291382,0
Lung_Opacity-805.png,Lung_Opacity,Lung_Opacity,0.9965922236442566,1
Lung_Opacity-817.png,Lung_Opacity,Lung_Opacity,0.9991177916526794,1
Lung_Opacity-818.png,Lung_Opacity,Lung_Opacity,0.9991869330406189,1
Lung_Opacity-819.png,Lung_Opacity,Lung_Opacity,0.9999663829803467,1
Lung_Opacity-821.png,Lung_Opacity,Normal,0.9917289614677429,0
Lung_Opacity-823.png,Lung_Opacity,Lung_Opacity,0.9998045563697815,1
Lung_Opacity-825.png,Lung_Opacity,Lung_Opacity,0.9999915361404419,1
Lung_Opacity-858.png,Lung_Opacity,Lung_Opacity,0.9998188614845276,1
Lung_Opacity-860.png,Lung_Opacity,Lung_Opacity,0.9760239720344543,1
Lung_Opacity-870.png,Lung_Opacity,Lung_Opacity,0.9999808073043823,1
Lung_Opacity-874.png,Lung_Opacity,Lung_Opacity,0.9996248483657837,1
Lung_Opacity-883.png,Lung_Opacity,Lung_Opacity,0.9998204112052917,1
Lung_Opacity-886.png,Lung_Opacity,Lung_Opacity,0.9999710321426392,1
Lung_Opacity-888.png,Lung_Opacity,Lung_Opacity,0.9677272439002991,1
Lung_Opacity-889.png,Lung_Opacity,Lung_Opacity,0.9975152015686035,1
Lung_Opacity-892.png,Lung_Opacity,Lung_Opacity,0.9997076392173767,1
Lung_Opacity-898.png,Lung_Opacity,Lung_Opacity,0.9999831914901733,1
Lung_Opacity-918.png,Lung_Opacity,Lung_Opacity,0.9735865592956543,1
Lung_Opacity-920.png,Lung_Opacity,Lung_Opacity,0.9999802112579346,1
Lung_Opacity-923.png,Lung_Opacity,Lung_Opacity,0.9963825941085815,1
Lung_Opacity-925.png,Lung_Opacity,Lung_Opacity,0.9999699592590332,1
Lung_Opacity-929.png,Lung_Opacity,Lung_Opacity,0.999863862991333,1
Lung_Opacity-930.png,Lung_Opacity,Lung_Opacity,0.9997557997703552,1
Lung_Opacity-940.png,Lung_Opacity,Lung_Opacity,0.9989739656448364,1
Lung_Opacity-944.png,Lung_Opacity,Lung_Opacity,0.9999979734420776,1
Lung_Opacity-945.png,Lung_Opacity,Lung_Opacity,0.9984544515609741,1
Lung_Opacity-946.png,Lung_Opacity,Lung_Opacity,0.9997221827507019,1
Lung_Opacity-950.png,Lung_Opacity,Lung_Opacity,0.9986377358436584,1
Lung_Opacity-955.png,Lung_Opacity,Lung_Opacity,0.9998237490653992,1
Lung_Opacity-957.png,Lung_Opacity,Lung_Opacity,0.9998717308044434,1
Lung_Opacity-973.png,Lung_Opacity,Lung_Opacity,0.976184606552124,1
Lung_Opacity-975.png,Lung_Opacity,Lung_Opacity,0.9999997615814209,1
Lung_Opacity-977.png,Lung_Opacity,Lung_Opacity,0.9999961853027344,1
Lung_Opacity-980.png,Lung_Opacity,Normal,0.9968605041503906,0
Lung_Opacity-991.png,Lung_Opacity,Lung_Opacity,0.999984860420227,1
Lung_Opacity-992.png,Lung_Opacity,Lung_Opacity,0.9916123151779175,1
Lung_Opacity-993.png,Lung_Opacity,Lung_Opacity,0.999994158744812,1
Lung_Opacity-1000.png,Lung_Opacity,Lung_Opacity,0.9999963045120239,1
Lung_Opacity-1007.png,Lung_Opacity,Lung_Opacity,0.9999333620071411,1
Lung_Opacity-1015.png,Lung_Opacity,Normal,0.9122167825698853,0
Lung_Opacity-1024.png,Lung_Opacity,Lung_Opacity,0.9999686479568481,1
Lung_Opacity-1030.png,Lung_Opacity,Lung_Opacity,0.9999990463256836,1
Lung_Opacity-1038.png,Lung_Opacity,Lung_Opacity,0.9878909587860107,1
Lung_Opacity-1065.png,Lung_Opacity,Lung_Opacity,0.9970268607139587,1
Lung_Opacity-1073.png,Lung_Opacity,Normal,0.6905717849731445,0
Lung_Opacity-1086.png,Lung_Opacity,Lung_Opacity,0.9999814033508301,1
Lung_Opacity-1089.png,Lung_Opacity,Lung_Opacity,0.9999865293502808,1
Lung_Opacity-1092.png,Lung_Opacity,Lung_Opacity,0.9999687671661377,1
Lung_Opacity-1094.png,Lung_Opacity,Lung_Opacity,0.9802390933036804,1
Lung_Opacity-1097.png,Lung_Opacity,Lung_Opacity,0.9999046325683594,1
Lung_Opacity-1099.png,Lung_Opacity,Lung_Opacity,0.9996612071990967,1
Lung_Opacity-1100.png,Lung_Opacity,Lung_Opacity,0.9999033212661743,1
Lung_Opacity-1103.png,Lung_Opacity,Lung_Opacity,0.9999984502792358,1
Lung_Opacity-1105.png,Lung_Opacity,Lung_Opacity,0.9999023675918579,1
Lung_Opacity-1106.png,Lung_Opacity,Lung_Opacity,0.9999649524688721,1
Lung_Opacity-1107.png,Lung_Opacity,Lung_Opacity,0.9996703863143921,1
Lung_Opacity-1115.png,Lung_Opacity,Lung_Opacity,0.9988522529602051,1
Lung_Opacity-1117.png,Lung_Opacity,Lung_Opacity,0.9999885559082031,1
Lung_Opacity-1125.png,Lung_Opacity,Lung_Opacity,0.999931812286377,1
Lung_Opacity-1133.png,Lung_Opacity,Lung_Opacity,0.9999080896377563,1
Lung_Opacity-1135.png,Lung_Opacity,Lung_Opacity,0.9936617612838745,1
Lung_Opacity-1136.png,Lung_Opacity,Lung_Opacity,0.9997794032096863,1
Lung_Opacity-1142.png,Lung_Opacity,Lung_Opacity,0.9999868869781494,1
Lung_Opacity-1152.png,Lung_Opacity,Lung_Opacity,0.9998483657836914,1
Lung_Opacity-1168.png,Lung_Opacity,Lung_Opacity,0.9998435974121094,1
Lung_Opacity-1178.png,Lung_Opacity,Lung_Opacity,0.9999980926513672,1
Lung_Opacity-1185.png,Lung_Opacity,Lung_Opacity,0.9999855756759644,1
Lung_Opacity-1197.png,Lung_Opacity,Lung_Opacity,0.9999821186065674,1
Lung_Opacity-1201.png,Lung_Opacity,Lung_Opacity,0.9999984502792358,1
Lung_Opacity-1206.png,Lung_Opacity,Lung_Opacity,0.9954779744148254,1
Lung_Opacity-1217.png,Lung_Opacity,Lung_Opacity,0.9999756813049316,1
Lung_Opacity-1231.png,Lung_Opacity,Lung_Opacity,0.9992908239364624,1
Lung_Opacity-1237.png,Lung_Opacity,Lung_Opacity,0.9999644756317139,1
Lung_Opacity-1242.png,Lung_Opacity,Lung_Opacity,0.9999781847000122,1
Lung_Opacity-1256.png,Lung_Opacity,Lung_Opacity,0.9922789335250854,1
Lung_Opacity-1259.png,Lung_Opacity,Lung_Opacity,0.9973998069763184,1
Lung_Opacity-1265.png,Lung_Opacity,Lung_Opacity,0.9999972581863403,1
Lung_Opacity-1272.png,Lung_Opacity,Lung_Opacity,1.0,1
Lung_Opacity-1276.png,Lung_Opacity,Lung_Opacity,0.999975323677063,1
Lung_Opacity-1280.png,Lung_Opacity,Lung_Opacity,0.999880313873291,1
Lung_Opacity-1284.png,Lung_Opacity,Lung_Opacity,0.9999995231628418,1
Lung_Opacity-1289.png,Lung_Opacity,Lung_Opacity,0.9999135732650757,1
Lung_Opacity-1294.png,Lung_Opacity,Lung_Opacity,0.9999233484268188,1
Lung_Opacity-1297.png,Lung_Opacity,Lung_Opacity,0.8882043957710266,1
Lung_Opacity-1307.png,Lung_Opacity,Lung_Opacity,0.9999998807907104,1
Lung_Opacity-1317.png,Lung_Opacity,Lung_Opacity,0.9998900890350342,1
Lung_Opacity-1320.png,Lung_Opacity,Lung_Opacity,0.9936352968215942,1
Lung_Opacity-1328.png,Lung_Opacity,Lung_Opacity,0.9999771118164062,1
Lung_Opacity-1332.png,Lung_Opacity,Lung_Opacity,0.9998613595962524,1
Lung_Opacity-1338.png,Lung_Opacity,Lung_Opacity,0.9999903440475464,1
Lung_Opacity-1339.png,Lung_Opacity,Lung_Opacity,0.9895288348197937,1
Lung_Opacity-1342.png,Lung_Opacity,Lung_Opacity,0.9971287846565247,1
Lung_Opacity-1349.png,Lung_Opacity,Lung_Opacity,0.9972676038742065,1
Lung_Opacity-1359.png,Lung_Opacity,Lung_Opacity,0.9975610971450806,1
Lung_Opacity-1362.png,Lung_Opacity,Lung_Opacity,0.989245593547821,1
Lung_Opacity-1364.png,Lung_Opacity,Lung_Opacity,0.9998353719711304,1
Lung_Opacity-1365.png,Lung_Opacity,Lung_Opacity,0.9969913959503174,1
Lung_Opacity-1379.png,Lung_Opacity,Lung_Opacity,0.9999969005584717,1
Lung_Opacity-1381.png,Lung_Opacity,Lung_Opacity,0.9996249675750732,1
Lung_Opacity-1388.png,Lung_Opacity,Lung_Opacity,0.9940208792686462,1
Lung_Opacity-1391.png,Lung_Opacity,Lung_Opacity,0.9999151229858398,1
Lung_Opacity-1392.png,Lung_Opacity,Lung_Opacity,0.9999979734420776,1
Lung_Opacity-1402.png,Lung_Opacity,Lung_Opacity,0.6766219735145569,1
Lung_Opacity-1416.png,Lung_Opacity,Lung_Opacity,0.9889735579490662,1
Lung_Opacity-1423.png,Lung_Opacity,Lung_Opacity,0.9974719882011414,1
Lung_Opacity-1425.png,Lung_Opacity,Lung_Opacity,0.9999265670776367,1
Lung_Opacity-1449.png,Lung_Opacity,Lung_Opacity,0.9991969466209412,1
Lung_Opacity-1462.png,Lung_Opacity,Lung_Opacity,0.999803364276886,1
Lung_Opacity-1474.png,Lung_Opacity,Lung_Opacity,0.9989712238311768,1
Lung_Opacity-1475.png,Lung_Opacity,Lung_Opacity,0.999924898147583,1
Lung_Opacity-1477.png,Lung_Opacity,Lung_Opacity,0.9999996423721313,1
Lung_Opacity-1482.png,Lung_Opacity,Lung_Opacity,0.9998373985290527,1
Lung_Opacity-1494.png,Lung_Opacity,Lung_Opacity,0.9999872446060181,1
Lung_Opacity-1498.png,Lung_Opacity,Lung_Opacity,0.9630822539329529,1
Lung_Opacity-1504.png,Lung_Opacity,Lung_Opacity,0.9569177627563477,1
Lung_Opacity-1506.png,Lung_Opacity,Lung_Opacity,0.9999995231628418,1
Lung_Opacity-1519.png,Lung_Opacity,Normal,0.8870181441307068,0
Lung_Opacity-1520.png,Lung_Opacity,Lung_Opacity,0.9997792840003967,1
Lung_Opacity-1525.png,Lung_Opacity,Lung_Opacity,0.9999990463256836,1
Lung_Opacity-1527.png,Lung_Opacity,Lung_Opacity,0.9856762886047363,1
Lung_Opacity-1538.png,Lung_Opacity,Lung_Opacity,0.9479898810386658,1
Lung_Opacity-1539.png,Lung_Opacity,Lung_Opacity,0.9964616894721985,1
Lung_Opacity-1541.png,Lung_Opacity,Lung_Opacity,0.9999697208404541,1
Lung_Opacity-1547.png,Lung_Opacity,Lung_Opacity,0.9981009364128113,1
Lung_Opacity-1549.png,Lung_Opacity,Lung_Opacity,0.995313286781311,1
Lung_Opacity-1550.png,Lung_Opacity,Lung_Opacity,0.9850865602493286,1
Lung_Opacity-1552.png,Lung_Opacity,Lung_Opacity,0.9981082677841187,1
Lung_Opacity-1553.png,Lung_Opacity,Lung_Opacity,0.9998562335968018,1
Lung_Opacity-1568.png,Lung_Opacity,Normal,0.9930343627929688,0
Lung_Opacity-1572.png,Lung_Opacity,Lung_Opacity,0.9997685551643372,1
Lung_Opacity-1574.png,Lung_Opacity,Lung_Opacity,0.9999853372573853,1
Lung_Opacity-1593.png,Lung_Opacity,Lung_Opacity,0.9997498393058777,1
Lung_Opacity-1597.png,Lung_Opacity,Lung_Opacity,0.9998962879180908,1
Lung_Opacity-1606.png,Lung_Opacity,Lung_Opacity,0.9999963045120239,1
Lung_Opacity-1611.png,Lung_Opacity,Lung_Opacity,0.7269347906112671,1
Lung_Opacity-1622.png,Lung_Opacity,Normal,0.7910127639770508,0
Lung_Opacity-1630.png,Lung_Opacity,Lung_Opacity,0.9999929666519165,1
Lung_Opacity-1637.png,Lung_Opacity,Lung_Opacity,0.5324704051017761,1
Lung_Opacity-1638.png,Lung_Opacity,Lung_Opacity,0.8611692786216736,1
Lung_Opacity-1648.png,Lung_Opacity,Lung_Opacity,0.9998602867126465,1
Lung_Opacity-1662.png,Lung_Opacity,Lung_Opacity,0.9999749660491943,1
Lung_Opacity-1674.png,Lung_Opacity,Normal,0.8470445275306702,0
Lung_Opacity-1676.png,Lung_Opacity,Lung_Opacity,0.9999938011169434,1
Lung_Opacity-1677.png,Lung_Opacity,Lung_Opacity,0.999990701675415,1
Lung_Opacity-1679.png,Lung_Opacity,Lung_Opacity,0.9999674558639526,1
Lung_Opacity-1697.png,Lung_Opacity,Lung_Opacity,0.9995835423469543,1
Lung_Opacity-1698.png,Lung_Opacity,Lung_Opacity,0.994783341884613,1
Lung_Opacity-1701.png,Lung_Opacity,Lung_Opacity,0.99951171875,1
Lung_Opacity-1706.png,Lung_Opacity,Normal,0.9379273056983948,0
Lung_Opacity-1718.png,Lung_Opacity,Lung_Opacity,0.9998006224632263,1
Lung_Opacity-1724.png,Lung_Opacity,Lung_Opacity,0.9978628754615784,1
Lung_Opacity-1737.png,Lung_Opacity,Lung_Opacity,0.9999661445617676,1
Lung_Opacity-1743.png,Lung_Opacity,Lung_Opacity,0.9994677901268005,1
Lung_Opacity-1750.png,Lung_Opacity,Lung_Opacity,0.9997655749320984,1
Lung_Opacity-1752.png,Lung_Opacity,Lung_Opacity,0.9997796416282654,1
Lung_Opacity-1753.png,Lung_Opacity,Lung_Opacity,0.9999970197677612,1
Lung_Opacity-1758.png,Lung_Opacity,Normal,0.5488869547843933,0
Lung_Opacity-1770.png,Lung_Opacity,Lung_Opacity,0.9999840259552002,1
Lung_Opacity-1773.png,Lung_Opacity,Lung_Opacity,0.5097368955612183,1
Lung_Opacity-1777.png,Lung_Opacity,Lung_Opacity,0.9996705055236816,1
Lung_Opacity-1780.png,Lung_Opacity,Lung_Opacity,0.9999809265136719,1
Lung_Opacity-1789.png,Lung_Opacity,Lung_Opacity,0.9997965693473816,1
Lung_Opacity-1810.png,Lung_Opacity,Lung_Opacity,0.9987865090370178,1
Lung_Opacity-1813.png,Lung_Opacity,Lung_Opacity,0.9986853003501892,1
Lung_Opacity-1814.png,Lung_Opacity,Lung_Opacity,0.8886691331863403,1
Lung_Opacity-1815.png,Lung_Opacity,Lung_Opacity,0.9943203926086426,1
Lung_Opacity-1816.png,Lung_Opacity,Lung_Opacity,0.9764865040779114,1
Lung_Opacity-1819.png,Lung_Opacity,Lung_Opacity,0.9998725652694702,1
Lung_Opacity-1823.png,Lung_Opacity,Lung_Opacity,0.9999980926513672,1
Lung_Opacity-1825.png,Lung_Opacity,Lung_Opacity,0.999962329864502,1
Lung_Opacity-1838.png,Lung_Opacity,Lung_Opacity,0.9803793430328369,1
Lung_Opacity-1848.png,Lung_Opacity,Lung_Opacity,0.9981350898742676,1
Lung_Opacity-1850.png,Lung_Opacity,Lung_Opacity,0.9994530081748962,1
Lung_Opacity-1854.png,Lung_Opacity,Normal,0.5718236565589905,0
Lung_Opacity-1856.png,Lung_Opacity,Normal,0.9994727969169617,0
Lung_Opacity-1858.png,Lung_Opacity,Lung_Opacity,0.9999998807907104,1
Lung_Opacity-1874.png,Lung_Opacity,Lung_Opacity,0.9999279975891113,1
Lung_Opacity-1875.png,Lung_Opacity,Lung_Opacity,0.9927347898483276,1
Lung_Opacity-1879.png,Lung_Opacity,Lung_Opacity,0.999985933303833,1
Lung_Opacity-1885.png,Lung_Opacity,Lung_Opacity,0.8550567030906677,1
Lung_Opacity-1891.png,Lung_Opacity,Lung_Opacity,0.9990872144699097,1
Lung_Opacity-1893.png,Lung_Opacity,COVID,0.9948551654815674,0
Lung_Opacity-1904.png,Lung_Opacity,Lung_Opacity,0.9941967725753784,1
Lung_Opacity-1908.png,Lung_Opacity,Normal,0.9955620765686035,0
Lung_Opacity-1912.png,Lung_Opacity,Lung_Opacity,0.999812662601471,1
Lung_Opacity-1914.png,Lung_Opacity,Lung_Opacity,0.9999998807907104,1
Lung_Opacity-1915.png,Lung_Opacity,Normal,0.9958621263504028,0
Lung_Opacity-1921.png,Lung_Opacity,Lung_Opacity,0.9999758005142212,1
Lung_Opacity-1925.png,Lung_Opacity,Lung_Opacity,0.9970044493675232,1
Lung_Opacity-1926.png,Lung_Opacity,Normal,0.9729204773902893,0
Lung_Opacity-1933.png,Lung_Opacity,Lung_Opacity,0.9699582457542419,1
Lung_Opacity-1947.png,Lung_Opacity,Lung_Opacity,0.9999990463256836,1
Lung_Opacity-1949.png,Lung_Opacity,Lung_Opacity,0.9003639221191406,1
Lung_Opacity-1956.png,Lung_Opacity,Lung_Opacity,0.9999997615814209,1
Lung_Opacity-1961.png,Lung_Opacity,Lung_Opacity,0.9999986886978149,1
Lung_Opacity-1988.png,Lung_Opacity,Lung_Opacity,0.9998255372047424,1
Lung_Opacity-1989.png,Lung_Opacity,Lung_Opacity,0.9999765157699585,1
Lung_Opacity-1992.png,Lung_Opacity,Lung_Opacity,0.9978185892105103,1
Lung_Opacity-1994.png,Lung_Opacity,Lung_Opacity,0.9999678134918213,1
Lung_Opacity-1995.png,Lung_Opacity,Lung_Opacity,0.8469477891921997,1
Lung_Opacity-2002.png,Lung_Opacity,Lung_Opacity,0.9765849709510803,1
Lung_Opacity-2004.png,Lung_Opacity,Lung_Opacity,0.7762532830238342,1
Lung_Opacity-2006.png,Lung_Opacity,Lung_Opacity,0.9999831914901733,1
Lung_Opacity-2011.png,Lung_Opacity,Lung_Opacity,0.9986054301261902,1
Lung_Opacity-2017.png,Lung_Opacity,Lung_Opacity,0.9887099862098694,1
Lung_Opacity-2020.png,Lung_Opacity,Lung_Opacity,0.9965065121650696,1
Lung_Opacity-2033.png,Lung_Opacity,Lung_Opacity,0.9970054030418396,1
Lung_Opacity-2039.png,Lung_Opacity,Lung_Opacity,0.9997912049293518,1
Lung_Opacity-2042.png,Lung_Opacity,Normal,0.7512658834457397,0
Lung_Opacity-2053.png,Lung_Opacity,Lung_Opacity,0.9330412149429321,1
Lung_Opacity-2065.png,Lung_Opacity,Normal,0.8290721774101257,0
Lung_Opacity-2069.png,Lung_Opacity,Normal,0.741978645324707,0
Lung_Opacity-2079.png,Lung_Opacity,Lung_Opacity,0.9994632601737976,1
Lung_Opacity-2087.png,Lung_Opacity,Lung_Opacity,0.9999924898147583,1
Lung_Opacity-2094.png,Lung_Opacity,Lung_Opacity,0.9963962435722351,1
Lung_Opacity-2097.png,Lung_Opacity,Lung_Opacity,0.9937328696250916,1
Lung_Opacity-2101.png,Lung_Opacity,Lung_Opacity,0.9993621706962585,1
Lung_Opacity-2102.png,Lung_Opacity,Lung_Opacity,0.9999189376831055,1
Lung_Opacity-2104.png,Lung_Opacity,Lung_Opacity,0.9990888833999634,1
Lung_Opacity-2105.png,Lung_Opacity,Lung_Opacity,0.48671674728393555,1
Lung_Opacity-2121.png,Lung_Opacity,Lung_Opacity,0.999945878982544,1
Lung_Opacity-2136.png,Lung_Opacity,Lung_Opacity,0.999996542930603,1
Lung_Opacity-2152.png,Lung_Opacity,Lung_Opacity,0.9999997615814209,1
Lung_Opacity-2157.png,Lung_Opacity,Lung_Opacity,0.9978399276733398,1
Lung_Opacity-2159.png,Lung_Opacity,Lung_Opacity,0.999921441078186,1
Lung_Opacity-2162.png,Lung_Opacity,Lung_Opacity,0.9748901724815369,1
Lung_Opacity-2177.png,Lung_Opacity,Lung_Opacity,0.9980175495147705,1
Lung_Opacity-2180.png,Lung_Opacity,Lung_Opacity,0.9999380111694336,1
Lung_Opacity-2188.png,Lung_Opacity,Lung_Opacity,0.9999992847442627,1
Lung_Opacity-2189.png,Lung_Opacity,Lung_Opacity,0.9998987913131714,1
Lung_Opacity-2196.png,Lung_Opacity,Normal,0.9942787885665894,0
Lung_Opacity-2205.png,Lung_Opacity,Lung_Opacity,0.9971680045127869,1
Lung_Opacity-2208.png,Lung_Opacity,Lung_Opacity,0.959874153137207,1
Lung_Opacity-2218.png,Lung_Opacity,Lung_Opacity,0.9999926090240479,1
Lung_Opacity-2219.png,Lung_Opacity,Lung_Opacity,0.9989147186279297,1
Lung_Opacity-2223.png,Lung_Opacity,Lung_Opacity,0.9999499320983887,1
Lung_Opacity-2225.png,Lung_Opacity,COVID,0.8983293175697327,0
Lung_Opacity-2231.png,Lung_Opacity,Lung_Opacity,0.9971357583999634,1
Lung_Opacity-2241.png,Lung_Opacity,Lung_Opacity,0.9998732805252075,1
Lung_Opacity-2243.png,Lung_Opacity,Lung_Opacity,0.9998676776885986,1
Lung_Opacity-2251.png,Lung_Opacity,Lung_Opacity,0.8466005921363831,1
Lung_Opacity-2254.png,Lung_Opacity,Lung_Opacity,0.9999908208847046,1
Lung_Opacity-2258.png,Lung_Opacity,Lung_Opacity,0.9466891884803772,1
Lung_Opacity-2259.png,Lung_Opacity,Lung_Opacity,0.9894606471061707,1
Lung_Opacity-2260.png,Lung_Opacity,Lung_Opacity,0.9991818070411682,1
Lung_Opacity-2278.png,Lung_Opacity,Lung_Opacity,0.9999959468841553,1
Lung_Opacity-2293.png,Lung_Opacity,Lung_Opacity,0.999946117401123,1
Lung_Opacity-2295.png,Lung_Opacity,Lung_Opacity,0.9999969005584717,1
Lung_Opacity-2296.png,Lung_Opacity,Lung_Opacity,0.9781263470649719,1
Lung_Opacity-2306.png,Lung_Opacity,Lung_Opacity,0.9995434880256653,1
Lung_Opacity-2309.png,Lung_Opacity,Lung_Opacity,0.9998533725738525,1
Lung_Opacity-2325.png,Lung_Opacity,Lung_Opacity,0.9999270439147949,1
Lung_Opacity-2330.png,Lung_Opacity,Lung_Opacity,0.9042239189147949,1
Lung_Opacity-2331.png,Lung_Opacity,Lung_Opacity,0.9998348951339722,1
Lung_Opacity-2340.png,Lung_Opacity,Lung_Opacity,0.9998608827590942,1
Lung_Opacity-2342.png,Lung_Opacity,Lung_Opacity,0.9954631924629211,1
Lung_Opacity-2347.png,Lung_Opacity,Lung_Opacity,1.0,1
Lung_Opacity-2348.png,Lung_Opacity,Lung_Opacity,0.9999970197677612,1
Lung_Opacity-2350.png,Lung_Opacity,Lung_Opacity,0.8161029815673828,1
Lung_Opacity-2360.png,Lung_Opacity,Lung_Opacity,0.9997798800468445,1
Lung_Opacity-2367.png,Lung_Opacity,Lung_Opacity,0.9999936819076538,1
Lung_Opacity-2370.png,Lung_Opacity,Lung_Opacity,0.9979222416877747,1
Lung_Opacity-2371.png,Lung_Opacity,Lung_Opacity,0.999968409538269,1
Lung_Opacity-2379.png,Lung_Opacity,Lung_Opacity,0.9999984502792358,1
Lung_Opacity-2381.png,Lung_Opacity,Lung_Opacity,0.9999996423721313,1
Lung_Opacity-2383.png,Lung_Opacity,Lung_Opacity,0.9999834299087524,1
Lung_Opacity-2387.png,Lung_Opacity,Lung_Opacity,0.9999978542327881,1
Lung_Opacity-2402.png,Lung_Opacity,Lung_Opacity,0.9999904632568359,1
Lung_Opacity-2410.png,Lung_Opacity,Lung_Opacity,0.9998205304145813,1
Lung_Opacity-2411.png,Lung_Opacity,Lung_Opacity,0.6863484382629395,1
Lung_Opacity-2415.png,Lung_Opacity,Normal,0.9985363483428955,0
Lung_Opacity-2425.png,Lung_Opacity,Lung_Opacity,0.9999839067459106,1
Lung_Opacity-2427.png,Lung_Opacity,Lung_Opacity,0.9999958276748657,1
Lung_Opacity-2434.png,Lung_Opacity,Lung_Opacity,0.9999902248382568,1
Lung_Opacity-2435.png,Lung_Opacity,Lung_Opacity,0.9747705459594727,1
Lung_Opacity-2436.png,Lung_Opacity,Lung_Opacity,0.9998607635498047,1
Lung_Opacity-2438.png,Lung_Opacity,Lung_Opacity,0.9998725652694702,1
Lung_Opacity-2439.png,Lung_Opacity,Lung_Opacity,0.9999986886978149,1
Lung_Opacity-2449.png,Lung_Opacity,Lung_Opacity,0.9999992847442627,1
Lung_Opacity-2451.png,Lung_Opacity,Lung_Opacity,0.9999417066574097,1
Lung_Opacity-2452.png,Lung_Opacity,Lung_Opacity,0.9996516704559326,1
Lung_Opacity-2462.png,Lung_Opacity,Lung_Opacity,0.9999744892120361,1
Lung_Opacity-2464.png,Lung_Opacity,Lung_Opacity,0.9599243402481079,1
Lung_Opacity-2468.png,Lung_Opacity,Lung_Opacity,0.9885271787643433,1
Lung_Opacity-2469.png,Lung_Opacity,Lung_Opacity,0.9326968193054199,1
Lung_Opacity-2470.png,Lung_Opacity,Lung_Opacity,0.9193864464759827,1
Lung_Opacity-2473.png,Lung_Opacity,Lung_Opacity,0.9997236132621765,1
Lung_Opacity-2476.png,Lung_Opacity,Lung_Opacity,0.9999392032623291,1
Lung_Opacity-2478.png,Lung_Opacity,Lung_Opacity,0.9999985694885254,1
Lung_Opacity-2481.png,Lung_Opacity,Lung_Opacity,0.9999724626541138,1
Lung_Opacity-2483.png,Lung_Opacity,Normal,0.9687035083770752,0
Lung_Opacity-2494.png,Lung_Opacity,Lung_Opacity,0.9998015761375427,1
Lung_Opacity-2501.png,Lung_Opacity,Lung_Opacity,0.9623188972473145,1
Lung_Opacity-2504.png,Lung_Opacity,Lung_Opacity,0.999940037727356,1
Lung_Opacity-2505.png,Lung_Opacity,COVID,0.6754419207572937,0
Lung_Opacity-2506.png,Lung_Opacity,Normal,0.9902549386024475,0
Lung_Opacity-2507.png,Lung_Opacity,Lung_Opacity,0.9990488886833191,1
Lung_Opacity-2510.png,Lung_Opacity,Lung_Opacity,0.9992407560348511,1
Lung_Opacity-2513.png,Lung_Opacity,Lung_Opacity,0.9946767091751099,1
Lung_Opacity-2525.png,Lung_Opacity,Lung_Opacity,0.9957168698310852,1
Lung_Opacity-2526.png,Lung_Opacity,Lung_Opacity,0.9999724626541138,1
Lung_Opacity-2536.png,Lung_Opacity,Normal,0.9997602105140686,0
Lung_Opacity-2537.png,Lung_Opacity,Lung_Opacity,0.9999234676361084,1
Lung_Opacity-2547.png,Lung_Opacity,Lung_Opacity,0.9548959136009216,1
Lung_Opacity-2552.png,Lung_Opacity,Lung_Opacity,0.9996009469032288,1
Lung_Opacity-2553.png,Lung_Opacity,Lung_Opacity,0.9997712969779968,1
Lung_Opacity-2556.png,Lung_Opacity,Lung_Opacity,0.999962329864502,1
Lung_Opacity-2557.png,Lung_Opacity,Lung_Opacity,0.9999402761459351,1
Lung_Opacity-2560.png,Lung_Opacity,Lung_Opacity,0.9943513870239258,1
Lung_Opacity-2562.png,Lung_Opacity,Lung_Opacity,0.9952150583267212,1
Lung_Opacity-2566.png,Lung_Opacity,Lung_Opacity,0.999329686164856,1
Lung_Opacity-2567.png,Lung_Opacity,Lung_Opacity,0.9895243048667908,1
Lung_Opacity-2568.png,Lung_Opacity,Lung_Opacity,0.999756395816803,1
Lung_Opacity-2576.png,Lung_Opacity,Lung_Opacity,0.9983521699905396,1
Lung_Opacity-2582.png,Lung_Opacity,Lung_Opacity,0.9971453547477722,1
Lung_Opacity-2584.png,Lung_Opacity,Lung_Opacity,0.9839604496955872,1
Lung_Opacity-2585.png,Lung_Opacity,Lung_Opacity,0.999997615814209,1
Lung_Opacity-2588.png,Lung_Opacity,Lung_Opacity,0.9972749352455139,1
Lung_Opacity-2592.png,Lung_Opacity,Lung_Opacity,0.9995606541633606,1
Lung_Opacity-2595.png,Lung_Opacity,Lung_Opacity,0.9989590644836426,1
Lung_Opacity-2597.png,Lung_Opacity,Lung_Opacity,0.9157629013061523,1
Lung_Opacity-2601.png,Lung_Opacity,Lung_Opacity,0.9940934777259827,1
Lung_Opacity-2605.png,Lung_Opacity,Lung_Opacity,0.9999914169311523,1
Lung_Opacity-2607.png,Lung_Opacity,Lung_Opacity,0.9999175071716309,1
Lung_Opacity-2608.png,Lung_Opacity,Normal,0.9564648270606995,0
Lung_Opacity-2611.png,Lung_Opacity,Lung_Opacity,0.995766282081604,1
Lung_Opacity-2617.png,Lung_Opacity,Lung_Opacity,0.9999312162399292,1
Lung_Opacity-2619.png,Lung_Opacity,Lung_Opacity,0.9959607720375061,1
Lung_Opacity-2622.png,Lung_Opacity,Lung_Opacity,0.9999175071716309,1
Lung_Opacity-2625.png,Lung_Opacity,Lung_Opacity,0.9999994039535522,1
Lung_Opacity-2634.png,Lung_Opacity,Normal,0.7113721370697021,0
Lung_Opacity-2636.png,Lung_Opacity,Lung_Opacity,0.9999176263809204,1
Lung_Opacity-2641.png,Lung_Opacity,Lung_Opacity,0.999834418296814,1
Lung_Opacity-2643.png,Lung_Opacity,Lung_Opacity,0.9995330572128296,1
Lung_Opacity-2646.png,Lung_Opacity,Lung_Opacity,0.999988317489624,1
Lung_Opacity-2653.png,Lung_Opacity,Lung_Opacity,0.9991573095321655,1
Lung_Opacity-2656.png,Lung_Opacity,Lung_Opacity,0.9995935559272766,1
Lung_Opacity-2658.png,Lung_Opacity,Lung_Opacity,0.7878180146217346,1
Lung_Opacity-2661.png,Lung_Opacity,Lung_Opacity,0.9999254941940308,1
Lung_Opacity-2662.png,Lung_Opacity,Lung_Opacity,0.9999427795410156,1
Lung_Opacity-2667.png,Lung_Opacity,Lung_Opacity,0.9997547268867493,1
Lung_Opacity-2669.png,Lung_Opacity,Lung_Opacity,0.9881337285041809,1
Lung_Opacity-2672.png,Lung_Opacity,Lung_Opacity,0.9999539852142334,1
Lung_Opacity-2676.png,Lung_Opacity,Lung_Opacity,0.9998358488082886,1
Lung_Opacity-2678.png,Lung_Opacity,Lung_Opacity,0.9988480806350708,1
Lung_Opacity-2680.png,Lung_Opacity,Lung_Opacity,0.999855637550354,1
Lung_Opacity-2687.png,Lung_Opacity,Lung_Opacity,0.9989213943481445,1
Lung_Opacity-2688.png,Lung_Opacity,Lung_Opacity,0.999697208404541,1
Lung_Opacity-2691.png,Lung_Opacity,Lung_Opacity,0.9842752814292908,1
Lung_Opacity-2701.png,Lung_Opacity,Lung_Opacity,0.972032368183136,1
Lung_Opacity-2705.png,Lung_Opacity,Lung_Opacity,0.8307438492774963,1
Lung_Opacity-2709.png,Lung_Opacity,Lung_Opacity,0.9993311166763306,1
Lung_Opacity-2726.png,Lung_Opacity,Lung_Opacity,0.9995086193084717,1
Lung_Opacity-2728.png,Lung_Opacity,Lung_Opacity,0.99955815076828,1
Lung_Opacity-2731.png,Lung_Opacity,Lung_Opacity,0.9999314546585083,1
Lung_Opacity-2736.png,Lung_Opacity,Lung_Opacity,0.9702150225639343,1
Lung_Opacity-2744.png,Lung_Opacity,Lung_Opacity,0.9999947547912598,1
Lung_Opacity-2746.png,Lung_Opacity,Lung_Opacity,0.9978193044662476,1
Lung_Opacity-2750.png,Lung_Opacity,Lung_Opacity,0.9999986886978149,1
Lung_Opacity-2762.png,Lung_Opacity,Normal,0.987406313419342,0
Lung_Opacity-2764.png,Lung_Opacity,Normal,0.9998146891593933,0
Lung_Opacity-2766.png,Lung_Opacity,Lung_Opacity,0.9971708655357361,1
Lung_Opacity-2774.png,Lung_Opacity,Lung_Opacity,0.5768991708755493,1
Lung_Opacity-2775.png,Lung_Opacity,Lung_Opacity,0.9998997449874878,1
Lung_Opacity-2781.png,Lung_Opacity,Lung_Opacity,0.9343093037605286,1
Lung_Opacity-2782.png,Lung_Opacity,Lung_Opacity,0.7492801547050476,1
Lung_Opacity-2784.png,Lung_Opacity,Lung_Opacity,0.8708324432373047,1
Lung_Opacity-2785.png,Lung_Opacity,Lung_Opacity,0.9996084570884705,1
Lung_Opacity-2788.png,Lung_Opacity,Lung_Opacity,0.999782145023346,1
Lung_Opacity-2789.png,Lung_Opacity,Lung_Opacity,0.9993801116943359,1
Lung_Opacity-2790.png,Lung_Opacity,Lung_Opacity,0.9999772310256958,1
Lung_Opacity-2793.png,Lung_Opacity,Normal,0.7632182240486145,0
Lung_Opacity-2799.png,Lung_Opacity,Lung_Opacity,0.9999390840530396,1
Lung_Opacity-2801.png,Lung_Opacity,Lung_Opacity,0.9999997615814209,1
Lung_Opacity-2802.png,Lung_Opacity,Lung_Opacity,0.9999756813049316,1
Lung_Opacity-2804.png,Lung_Opacity,Lung_Opacity,0.4432878792285919,1
Lung_Opacity-2805.png,Lung_Opacity,Lung_Opacity,0.9966892600059509,1
Lung_Opacity-2818.png,Lung_Opacity,Lung_Opacity,0.9962437152862549,1
Lung_Opacity-2828.png,Lung_Opacity,Lung_Opacity,0.9931529760360718,1
Lung_Opacity-2829.png,Lung_Opacity,Lung_Opacity,0.9999475479125977,1
Lung_Opacity-2832.png,Lung_Opacity,Lung_Opacity,0.9991384744644165,1
Lung_Opacity-2833.png,Lung_Opacity,Lung_Opacity,0.9999994039535522,1
Lung_Opacity-2838.png,Lung_Opacity,Normal,0.9787872433662415,0
Lung_Opacity-2839.png,Lung_Opacity,Lung_Opacity,0.9999988079071045,1
Lung_Opacity-2842.png,Lung_Opacity,Lung_Opacity,0.9992108345031738,1
Lung_Opacity-2844.png,Lung_Opacity,Normal,0.9999988079071045,0
Lung_Opacity-2850.png,Lung_Opacity,Lung_Opacity,0.9208728075027466,1
Lung_Opacity-2851.png,Lung_Opacity,Lung_Opacity,0.9997431635856628,1
Lung_Opacity-2855.png,Lung_Opacity,Lung_Opacity,0.980467677116394,1
Lung_Opacity-2858.png,Lung_Opacity,Lung_Opacity,0.9971016049385071,1
Lung_Opacity-2872.png,Lung_Opacity,Lung_Opacity,0.9995666146278381,1
Lung_Opacity-2873.png,Lung_Opacity,Lung_Opacity,0.9996765851974487,1
Lung_Opacity-2874.png,Lung_Opacity,Lung_Opacity,0.9999797344207764,1
Lung_Opacity-2876.png,Lung_Opacity,Lung_Opacity,0.9999955892562866,1
Lung_Opacity-2891.png,Lung_Opacity,Lung_Opacity,0.9999772310256958,1
Lung_Opacity-2892.png,Lung_Opacity,Lung_Opacity,0.9988356232643127,1
Lung_Opacity-2896.png,Lung_Opacity,Lung_Opacity,0.999985933303833,1
Lung_Opacity-2903.png,Lung_Opacity,Lung_Opacity,0.9998795986175537,1
Lung_Opacity-2905.png,Lung_Opacity,Lung_Opacity,0.9976891279220581,1
Lung_Opacity-2913.png,Lung_Opacity,Lung_Opacity,0.9782503247261047,1
Lung_Opacity-2916.png,Lung_Opacity,Lung_Opacity,0.6486672163009644,1
Lung_Opacity-2917.png,Lung_Opacity,Lung_Opacity,0.999643087387085,1
Lung_Opacity-2924.png,Lung_Opacity,Lung_Opacity,0.9780611991882324,1
Lung_Opacity-2925.png,Lung_Opacity,Lung_Opacity,0.9994871616363525,1
Lung_Opacity-2929.png,Lung_Opacity,Lung_Opacity,0.9978505373001099,1
Lung_Opacity-2935.png,Lung_Opacity,Lung_Opacity,0.9999762773513794,1
Lung_Opacity-2937.png,Lung_Opacity,Lung_Opacity,0.8592174053192139,1
Lung_Opacity-2943.png,Lung_Opacity,Lung_Opacity,0.9999488592147827,1
Lung_Opacity-2947.png,Lung_Opacity,Lung_Opacity,0.9993928670883179,1
Lung_Opacity-2950.png,Lung_Opacity,Lung_Opacity,0.9999998807907104,1
Lung_Opacity-2951.png,Lung_Opacity,Lung_Opacity,0.9980902075767517,1
Lung_Opacity-2962.png,Lung_Opacity,Lung_Opacity,0.9999407529830933,1
Lung_Opacity-2963.png,Lung_Opacity,Lung_Opacity,0.9908855557441711,1
Lung_Opacity-2965.png,Lung_Opacity,Lung_Opacity,0.999966025352478,1
Lung_Opacity-2972.png,Lung_Opacity,Lung_Opacity,0.9999997615814209,1
Lung_Opacity-2973.png,Lung_Opacity,Lung_Opacity,0.9995895028114319,1
Lung_Opacity-2978.png,Lung_Opacity,Lung_Opacity,0.9999613761901855,1
Lung_Opacity-2980.png,Lung_Opacity,Lung_Opacity,0.9999418258666992,1
Lung_Opacity-2982.png,Lung_Opacity,Lung_Opacity,0.9997181296348572,1
Lung_Opacity-2990.png,Lung_Opacity,COVID,0.7223857641220093,0
Lung_Opacity-2994.png,Lung_Opacity,Lung_Opacity,0.9961268305778503,1
Lung_Opacity-2995.png,Lung_Opacity,Lung_Opacity,0.9999665021896362,1
Lung_Opacity-3006.png,Lung_Opacity,Lung_Opacity,0.9999896287918091,1
Lung_Opacity-3009.png,Lung_Opacity,Normal,0.9995637536048889,0
Lung_Opacity-3011.png,Lung_Opacity,Lung_Opacity,0.9964680671691895,1
Lung_Opacity-3021.png,Lung_Opacity,Lung_Opacity,0.999931812286377,1
Lung_Opacity-3031.png,Lung_Opacity,Normal,0.9996640682220459,0
Lung_Opacity-3047.png,Lung_Opacity,Lung_Opacity,0.9999816417694092,1
Lung_Opacity-3063.png,Lung_Opacity,Lung_Opacity,0.9999486207962036,1
Lung_Opacity-3068.png,Lung_Opacity,Lung_Opacity,0.9999855756759644,1
Lung_Opacity-3073.png,Lung_Opacity,Lung_Opacity,0.9998906850814819,1
Lung_Opacity-3075.png,Lung_Opacity,COVID,0.7507963180541992,0
Lung_Opacity-3076.png,Lung_Opacity,Lung_Opacity,0.9811683893203735,1
Lung_Opacity-3090.png,Lung_Opacity,Lung_Opacity,0.9992284774780273,1
Lung_Opacity-3094.png,Lung_Opacity,Lung_Opacity,0.9999567270278931,1
Lung_Opacity-3105.png,Lung_Opacity,Lung_Opacity,0.9999982118606567,1
Lung_Opacity-3110.png,Lung_Opacity,Lung_Opacity,0.9999990463256836,1
Lung_Opacity-3116.png,Lung_Opacity,Normal,0.924126923084259,0
Lung_Opacity-3117.png,Lung_Opacity,Lung_Opacity,0.9998955726623535,1
Lung_Opacity-3121.png,Lung_Opacity,Lung_Opacity,0.9998606443405151,1
Lung_Opacity-3145.png,Lung_Opacity,Lung_Opacity,0.7287960648536682,1
Lung_Opacity-3157.png,Lung_Opacity,Lung_Opacity,0.9999780654907227,1
Lung_Opacity-3163.png,Lung_Opacity,Lung_Opacity,0.9999672174453735,1
Lung_Opacity-3164.png,Lung_Opacity,Lung_Opacity,0.985314130783081,1
Lung_Opacity-3168.png,Lung_Opacity,Lung_Opacity,0.8509010672569275,1
Lung_Opacity-3169.png,Lung_Opacity,Lung_Opacity,0.9999936819076538,1
Lung_Opacity-3172.png,Lung_Opacity,Lung_Opacity,0.9999997615814209,1
Lung_Opacity-3174.png,Lung_Opacity,COVID,0.9953084588050842,0
Lung_Opacity-3181.png,Lung_Opacity,Lung_Opacity,1.0,1
Lung_Opacity-3192.png,Lung_Opacity,Lung_Opacity,0.9999933242797852,1
Lung_Opacity-3194.png,Lung_Opacity,Lung_Opacity,0.9999957084655762,1
Lung_Opacity-3197.png,Lung_Opacity,Lung_Opacity,0.9096834063529968,1
Lung_Opacity-3198.png,Lung_Opacity,Lung_Opacity,1.0,1
Lung_Opacity-3213.png,Lung_Opacity,Lung_Opacity,0.9997920393943787,1
Lung_Opacity-3219.png,Lung_Opacity,Lung_Opacity,0.9504091739654541,1
Lung_Opacity-3221.png,Lung_Opacity,Lung_Opacity,0.9999793767929077,1
Lung_Opacity-3223.png,Lung_Opacity,Lung_Opacity,0.9289020895957947,1
Lung_Opacity-3227.png,Lung_Opacity,Lung_Opacity,0.8410702347755432,1
Lung_Opacity-3228.png,Lung_Opacity,Lung_Opacity,0.999518632888794,1
Lung_Opacity-3233.png,Lung_Opacity,Lung_Opacity,0.9984583854675293,1
Lung_Opacity-3238.png,Lung_Opacity,Lung_Opacity,0.9986686706542969,1
Lung_Opacity-3241.png,Lung_Opacity,Lung_Opacity,0.9931992888450623,1
Lung_Opacity-3250.png,Lung_Opacity,Lung_Opacity,0.9999982118606567,1
Lung_Opacity-3251.png,Lung_Opacity,Lung_Opacity,0.9036247730255127,1
Lung_Opacity-3253.png,Lung_Opacity,Lung_Opacity,0.9780047535896301,1
Lung_Opacity-3254.png,Lung_Opacity,Lung_Opacity,0.9535759687423706,1
Lung_Opacity-3256.png,Lung_Opacity,Lung_Opacity,0.999995231628418,1
Lung_Opacity-3259.png,Lung_Opacity,Lung_Opacity,0.9695197939872742,1
Lung_Opacity-3260.png,Lung_Opacity,Lung_Opacity,0.9998444318771362,1
Lung_Opacity-3263.png,Lung_Opacity,Lung_Opacity,0.9999978542327881,1
Lung_Opacity-3271.png,Lung_Opacity,Lung_Opacity,0.9999693632125854,1
Lung_Opacity-3274.png,Lung_Opacity,Lung_Opacity,0.9996341466903687,1
Lung_Opacity-3276.png,Lung_Opacity,Lung_Opacity,0.999993085861206,1
Lung_Opacity-3277.png,Lung_Opacity,Lung_Opacity,0.9999574422836304,1
Lung_Opacity-3278.png,Lung_Opacity,Lung_Opacity,0.999976396560669,1
Lung_Opacity-3279.png,Lung_Opacity,Lung_Opacity,0.9999998807907104,1
Lung_Opacity-3286.png,Lung_Opacity,Lung_Opacity,0.9999819993972778,1
Lung_Opacity-3294.png,Lung_Opacity,Lung_Opacity,0.9806406497955322,1
Lung_Opacity-3295.png,Lung_Opacity,Lung_Opacity,0.9973115921020508,1
Lung_Opacity-3307.png,Lung_Opacity,Lung_Opacity,0.9988024234771729,1
Lung_Opacity-3311.png,Lung_Opacity,Lung_Opacity,0.9999847412109375,1
Lung_Opacity-3314.png,Lung_Opacity,Lung_Opacity,0.9886431097984314,1
Lung_Opacity-3319.png,Lung_Opacity,Lung_Opacity,0.9994577765464783,1
Lung_Opacity-3324.png,Lung_Opacity,Normal,0.9995065927505493,0
Lung_Opacity-3327.png,Lung_Opacity,Lung_Opacity,0.6577605605125427,1
Lung_Opacity-3341.png,Lung_Opacity,Lung_Opacity,0.7668941020965576,1
Lung_Opacity-3343.png,Lung_Opacity,Lung_Opacity,0.99994957447052,1
Lung_Opacity-3348.png,Lung_Opacity,Lung_Opacity,0.9993082284927368,1
Lung_Opacity-3355.png,Lung_Opacity,Lung_Opacity,0.999964714050293,1
Lung_Opacity-3361.png,Lung_Opacity,Lung_Opacity,0.9978552460670471,1
Lung_Opacity-3367.png,Lung_Opacity,Lung_Opacity,0.861803412437439,1
Lung_Opacity-3375.png,Lung_Opacity,Lung_Opacity,0.9999678134918213,1
Lung_Opacity-3386.png,Lung_Opacity,Lung_Opacity,0.9994214773178101,1
Lung_Opacity-3387.png,Lung_Opacity,Lung_Opacity,0.9995571970939636,1
Lung_Opacity-3389.png,Lung_Opacity,Lung_Opacity,0.981162965297699,1
Lung_Opacity-3391.png,Lung_Opacity,Lung_Opacity,0.973483681678772,1
Lung_Opacity-3403.png,Lung_Opacity,Lung_Opacity,0.8858731985092163,1
Lung_Opacity-3407.png,Lung_Opacity,Lung_Opacity,0.9999772310256958,1
Lung_Opacity-3408.png,Lung_Opacity,Lung_Opacity,0.9961042404174805,1
Lung_Opacity-3409.png,Lung_Opacity,Lung_Opacity,0.9997230172157288,1
Lung_Opacity-3415.png,Lung_Opacity,Lung_Opacity,0.9925791621208191,1
Lung_Opacity-3424.png,Lung_Opacity,Lung_Opacity,0.9937925934791565,1
Lung_Opacity-3426.png,Lung_Opacity,Lung_Opacity,0.848088264465332,1
Lung_Opacity-3427.png,Lung_Opacity,Normal,0.9995298385620117,0
Lung_Opacity-3431.png,Lung_Opacity,Lung_Opacity,0.9995989203453064,1
Lung_Opacity-3432.png,Lung_Opacity,Normal,0.9402551054954529,0
Lung_Opacity-3440.png,Lung_Opacity,Lung_Opacity,0.9999986886978149,1
Lung_Opacity-3451.png,Lung_Opacity,Lung_Opacity,0.9980667233467102,1
Lung_Opacity-3454.png,Lung_Opacity,Lung_Opacity,0.9985590577125549,1
Lung_Opacity-3463.png,Lung_Opacity,Lung_Opacity,0.9999823570251465,1
Lung_Opacity-3472.png,Lung_Opacity,Lung_Opacity,0.9999898672103882,1
Lung_Opacity-3475.png,Lung_Opacity,Lung_Opacity,0.9997522234916687,1
Lung_Opacity-3476.png,Lung_Opacity,Lung_Opacity,0.9876224398612976,1
Lung_Opacity-3484.png,Lung_Opacity,Lung_Opacity,0.9999688863754272,1
Lung_Opacity-3485.png,Lung_Opacity,Lung_Opacity,0.9840217232704163,1
Lung_Opacity-3487.png,Lung_Opacity,Lung_Opacity,0.9999444484710693,1
Lung_Opacity-3490.png,Lung_Opacity,Lung_Opacity,0.994228720664978,1
Lung_Opacity-3491.png,Lung_Opacity,Lung_Opacity,0.960669994354248,1
Lung_Opacity-3492.png,Lung_Opacity,Lung_Opacity,0.9998708963394165,1
Lung_Opacity-3493.png,Lung_Opacity,Lung_Opacity,0.9995588660240173,1
Lung_Opacity-3495.png,Lung_Opacity,Lung_Opacity,0.9982814788818359,1
Lung_Opacity-3500.png,Lung_Opacity,Lung_Opacity,0.9999350309371948,1
Lung_Opacity-3505.png,Lung_Opacity,Lung_Opacity,0.9962149262428284,1
Lung_Opacity-3506.png,Lung_Opacity,Lung_Opacity,0.9980941414833069,1
Lung_Opacity-3513.png,Lung_Opacity,Lung_Opacity,0.9994971752166748,1
Lung_Opacity-3514.png,Lung_Opacity,Lung_Opacity,0.9999972581863403,1
Lung_Opacity-3516.png,Lung_Opacity,Lung_Opacity,0.8758665919303894,1
Lung_Opacity-3517.png,Lung_Opacity,Lung_Opacity,0.9999896287918091,1
Lung_Opacity-3522.png,Lung_Opacity,Lung_Opacity,0.999462902545929,1
Lung_Opacity-3524.png,Lung_Opacity,Lung_Opacity,0.9999997615814209,1
Lung_Opacity-3540.png,Lung_Opacity,Lung_Opacity,0.9855806231498718,1
Lung_Opacity-3546.png,Lung_Opacity,Lung_Opacity,0.9975246787071228,1
Lung_Opacity-3552.png,Lung_Opacity,Lung_Opacity,0.9999991655349731,1
Lung_Opacity-3553.png,Lung_Opacity,Lung_Opacity,0.9999608993530273,1
Lung_Opacity-3555.png,Lung_Opacity,Lung_Opacity,0.9999995231628418,1
Lung_Opacity-3557.png,Lung_Opacity,Lung_Opacity,0.9993547797203064,1
Lung_Opacity-3561.png,Lung_Opacity,Lung_Opacity,0.998145341873169,1
Lung_Opacity-3564.png,Lung_Opacity,Lung_Opacity,0.9905315637588501,1
Lung_Opacity-3566.png,Lung_Opacity,Lung_Opacity,0.9999957084655762,1
Lung_Opacity-3572.png,Lung_Opacity,Lung_Opacity,0.9999911785125732,1
Lung_Opacity-3576.png,Lung_Opacity,Lung_Opacity,0.9999545812606812,1
Lung_Opacity-3577.png,Lung_Opacity,Lung_Opacity,0.999974250793457,1
Lung_Opacity-3584.png,Lung_Opacity,Lung_Opacity,0.9131510257720947,1
Lung_Opacity-3592.png,Lung_Opacity,Lung_Opacity,0.9997186064720154,1
Lung_Opacity-3597.png,Lung_Opacity,Lung_Opacity,0.9997428059577942,1
Lung_Opacity-3600.png,Lung_Opacity,Lung_Opacity,0.9996836185455322,1
Lung_Opacity-3605.png,Lung_Opacity,Lung_Opacity,0.9999895095825195,1
Lung_Opacity-3607.png,Lung_Opacity,Lung_Opacity,0.9983972907066345,1
Lung_Opacity-3608.png,Lung_Opacity,Lung_Opacity,0.9996829032897949,1
Lung_Opacity-3612.png,Lung_Opacity,Lung_Opacity,0.9962214231491089,1
Lung_Opacity-3613.png,Lung_Opacity,Lung_Opacity,0.999153733253479,1
Lung_Opacity-3614.png,Lung_Opacity,Lung_Opacity,0.9991589784622192,1
Lung_Opacity-3620.png,Lung_Opacity,Lung_Opacity,0.9999984502792358,1
Lung_Opacity-3623.png,Lung_Opacity,Lung_Opacity,0.9998766183853149,1
Lung_Opacity-3630.png,Lung_Opacity,Lung_Opacity,0.9997912049293518,1
Lung_Opacity-3631.png,Lung_Opacity,Lung_Opacity,0.9999969005584717,1
Lung_Opacity-3635.png,Lung_Opacity,Lung_Opacity,0.9995924830436707,1
Lung_Opacity-3639.png,Lung_Opacity,Lung_Opacity,0.8992264866828918,1
Lung_Opacity-3642.png,Lung_Opacity,Lung_Opacity,0.9999642372131348,1
Lung_Opacity-3643.png,Lung_Opacity,Lung_Opacity,0.9688320159912109,1
Lung_Opacity-3645.png,Lung_Opacity,Lung_Opacity,0.9993233680725098,1
Lung_Opacity-3646.png,Lung_Opacity,Lung_Opacity,0.9999971389770508,1
Lung_Opacity-3655.png,Lung_Opacity,Lung_Opacity,0.9999933242797852,1
Lung_Opacity-3658.png,Lung_Opacity,Lung_Opacity,0.9996765851974487,1
Lung_Opacity-3664.png,Lung_Opacity,Lung_Opacity,0.9937659502029419,1
Lung_Opacity-3665.png,Lung_Opacity,Lung_Opacity,0.996626615524292,1
Lung_Opacity-3668.png,Lung_Opacity,Lung_Opacity,0.999988317489624,1
Lung_Opacity-3671.png,Lung_Opacity,Lung_Opacity,0.9721863269805908,1
Lung_Opacity-3672.png,Lung_Opacity,Lung_Opacity,0.9979531764984131,1
Lung_Opacity-3675.png,Lung_Opacity,Lung_Opacity,0.9999427795410156,1
Lung_Opacity-3676.png,Lung_Opacity,Lung_Opacity,0.999991774559021,1
Lung_Opacity-3677.png,Lung_Opacity,Lung_Opacity,0.9998512268066406,1
Lung_Opacity-3688.png,Lung_Opacity,Lung_Opacity,0.9999996423721313,1
Lung_Opacity-3697.png,Lung_Opacity,Lung_Opacity,0.9998383522033691,1
Lung_Opacity-3698.png,Lung_Opacity,Lung_Opacity,0.9999929666519165,1
Lung_Opacity-3700.png,Lung_Opacity,Lung_Opacity,0.9999932050704956,1
Lung_Opacity-3701.png,Lung_Opacity,Lung_Opacity,0.9999942779541016,1
Lung_Opacity-3710.png,Lung_Opacity,Lung_Opacity,0.9999890327453613,1
Lung_Opacity-3717.png,Lung_Opacity,Lung_Opacity,0.9775390028953552,1
Lung_Opacity-3719.png,Lung_Opacity,Lung_Opacity,0.999915361404419,1
Lung_Opacity-3720.png,Lung_Opacity,Lung_Opacity,0.999982476234436,1
Lung_Opacity-3723.png,Lung_Opacity,Lung_Opacity,0.9992542862892151,1
Lung_Opacity-3727.png,Lung_Opacity,Lung_Opacity,0.9937344193458557,1
Lung_Opacity-3732.png,Lung_Opacity,Lung_Opacity,0.9999899864196777,1
Lung_Opacity-3744.png,Lung_Opacity,Lung_Opacity,0.9977272152900696,1
Lung_Opacity-3749.png,Lung_Opacity,Normal,0.4570939242839813,0
Lung_Opacity-3752.png,Lung_Opacity,Lung_Opacity,0.9954130053520203,1
Lung_Opacity-3753.png,Lung_Opacity,Lung_Opacity,0.9979077577590942,1
Lung_Opacity-3758.png,Lung_Opacity,Lung_Opacity,0.9999994039535522,1
Lung_Opacity-3759.png,Lung_Opacity,Lung_Opacity,0.9943284392356873,1
Lung_Opacity-3760.png,Lung_Opacity,Lung_Opacity,0.9999262094497681,1
Lung_Opacity-3765.png,Lung_Opacity,Lung_Opacity,0.9680044054985046,1
Lung_Opacity-3766.png,Lung_Opacity,Lung_Opacity,0.999789297580719,1
Lung_Opacity-3770.png,Lung_Opacity,Lung_Opacity,0.9990043044090271,1
Lung_Opacity-3771.png,Lung_Opacity,Lung_Opacity,0.9998495578765869,1
Lung_Opacity-3787.png,Lung_Opacity,Lung_Opacity,0.9669724702835083,1
Lung_Opacity-3793.png,Lung_Opacity,Lung_Opacity,0.7588991522789001,1
Lung_Opacity-3797.png,Lung_Opacity,Lung_Opacity,0.999990701675415,1
Lung_Opacity-3798.png,Lung_Opacity,Lung_Opacity,0.9994712471961975,1
Lung_Opacity-3801.png,Lung_Opacity,Lung_Opacity,0.9999946355819702,1
Lung_Opacity-3802.png,Lung_Opacity,Lung_Opacity,0.9999607801437378,1
Lung_Opacity-3803.png,Lung_Opacity,Lung_Opacity,0.9999924898147583,1
Lung_Opacity-3805.png,Lung_Opacity,Lung_Opacity,0.9999996423721313,1
Lung_Opacity-3808.png,Lung_Opacity,Lung_Opacity,0.7335885763168335,1
Lung_Opacity-3810.png,Lung_Opacity,Lung_Opacity,0.9999344348907471,1
Lung_Opacity-3812.png,Lung_Opacity,Lung_Opacity,0.9663268327713013,1
Lung_Opacity-3817.png,Lung_Opacity,Lung_Opacity,0.9998809099197388,1
Lung_Opacity-3822.png,Lung_Opacity,Lung_Opacity,0.9584724307060242,1
Lung_Opacity-3824.png,Lung_Opacity,Lung_Opacity,0.9999226331710815,1
Lung_Opacity-3825.png,Lung_Opacity,Lung_Opacity,0.9998983144760132,1
Lung_Opacity-3826.png,Lung_Opacity,Lung_Opacity,0.9960193037986755,1
Lung_Opacity-3833.png,Lung_Opacity,Lung_Opacity,0.659309446811676,1
Lung_Opacity-3840.png,Lung_Opacity,Lung_Opacity,0.9999867677688599,1
Lung_Opacity-3842.png,Lung_Opacity,Lung_Opacity,0.999997615814209,1
Lung_Opacity-3850.png,Lung_Opacity,Lung_Opacity,0.9766482710838318,1
Lung_Opacity-3852.png,Lung_Opacity,Lung_Opacity,0.9999960660934448,1
Lung_Opacity-3855.png,Lung_Opacity,Lung_Opacity,0.9503203630447388,1
Lung_Opacity-3857.png,Lung_Opacity,COVID,0.5468782186508179,0
Lung_Opacity-3867.png,Lung_Opacity,Lung_Opacity,1.0,1
Lung_Opacity-3872.png,Lung_Opacity,Lung_Opacity,0.980774462223053,1
Lung_Opacity-3876.png,Lung_Opacity,Lung_Opacity,0.9999219179153442,1
Lung_Opacity-3878.png,Lung_Opacity,Lung_Opacity,0.9999866485595703,1
Lung_Opacity-3883.png,Lung_Opacity,Lung_Opacity,0.9975425004959106,1
Lung_Opacity-3894.png,Lung_Opacity,Lung_Opacity,0.9999998807907104,1
Lung_Opacity-3897.png,Lung_Opacity,Normal,0.9998061060905457,0
Lung_Opacity-3900.png,Lung_Opacity,Lung_Opacity,0.9816597104072571,1
Lung_Opacity-3902.png,Lung_Opacity,Lung_Opacity,0.9993871450424194,1
Lung_Opacity-3905.png,Lung_Opacity,Lung_Opacity,0.999991774559021,1
Lung_Opacity-3907.png,Lung_Opacity,Lung_Opacity,0.9999966621398926,1
Lung_Opacity-3908.png,Lung_Opacity,Lung_Opacity,0.9999157190322876,1
Lung_Opacity-3921.png,Lung_Opacity,Lung_Opacity,0.9998666048049927,1
Lung_Opacity-3923.png,Lung_Opacity,Lung_Opacity,0.9999854564666748,1
Lung_Opacity-3924.png,Lung_Opacity,Lung_Opacity,0.9975273013114929,1
Lung_Opacity-3928.png,Lung_Opacity,Lung_Opacity,0.998557984828949,1
Lung_Opacity-3930.png,Lung_Opacity,Lung_Opacity,0.9990131855010986,1
Lung_Opacity-3936.png,Lung_Opacity,Lung_Opacity,0.9991695880889893,1
Lung_Opacity-3941.png,Lung_Opacity,Lung_Opacity,0.9987970590591431,1
Lung_Opacity-3948.png,Lung_Opacity,Lung_Opacity,0.9999958276748657,1
Lung_Opacity-3952.png,Lung_Opacity,Lung_Opacity,0.9933024644851685,1
Lung_Opacity-3955.png,Lung_Opacity,Lung_Opacity,0.9680029153823853,1
Lung_Opacity-3976.png,Lung_Opacity,Lung_Opacity,0.9999661445617676,1
Lung_Opacity-3977.png,Lung_Opacity,Lung_Opacity,0.9999872446060181,1
Lung_Opacity-3979.png,Lung_Opacity,Lung_Opacity,0.9970178604125977,1
Lung_Opacity-3983.png,Lung_Opacity,Lung_Opacity,0.9996261596679688,1
Lung_Opacity-3989.png,Lung_Opacity,Lung_Opacity,0.7627489566802979,1
Lung_Opacity-3997.png,Lung_Opacity,Lung_Opacity,0.9999903440475464,1
Lung_Opacity-4001.png,Lung_Opacity,Lung_Opacity,0.9929013848304749,1
Lung_Opacity-4009.png,Lung_Opacity,Lung_Opacity,0.501299262046814,1
Lung_Opacity-4010.png,Lung_Opacity,Normal,0.9985935091972351,0
Lung_Opacity-4016.png,Lung_Opacity,Normal,0.9984038472175598,0
Lung_Opacity-4018.png,Lung_Opacity,Lung_Opacity,0.5815207362174988,1
Lung_Opacity-4026.png,Lung_Opacity,Lung_Opacity,0.9992014765739441,1
Lung_Opacity-4028.png,Lung_Opacity,Lung_Opacity,0.9492453932762146,1
Lung_Opacity-4035.png,Lung_Opacity,Lung_Opacity,0.9999860525131226,1
Lung_Opacity-4060.png,Lung_Opacity,Lung_Opacity,0.9995941519737244,1
Lung_Opacity-4062.png,Lung_Opacity,Lung_Opacity,0.9999831914901733,1
Lung_Opacity-4064.png,Lung_Opacity,Normal,0.8203544020652771,0
Lung_Opacity-4067.png,Lung_Opacity,Lung_Opacity,0.9968414306640625,1
Lung_Opacity-4069.png,Lung_Opacity,Lung_Opacity,0.9996639490127563,1
Lung_Opacity-4073.png,Lung_Opacity,Lung_Opacity,0.9998592138290405,1
Lung_Opacity-4074.png,Lung_Opacity,Lung_Opacity,0.9999392032623291,1
Lung_Opacity-4083.png,Lung_Opacity,Lung_Opacity,0.9998345375061035,1
Lung_Opacity-4087.png,Lung_Opacity,Lung_Opacity,0.9999983310699463,1
Lung_Opacity-4106.png,Lung_Opacity,Normal,0.9998482465744019,0
Lung_Opacity-4109.png,Lung_Opacity,Lung_Opacity,0.9744806289672852,1
Lung_Opacity-4118.png,Lung_Opacity,Lung_Opacity,0.981525182723999,1
Lung_Opacity-4119.png,Lung_Opacity,Normal,0.7676193118095398,0
Lung_Opacity-4121.png,Lung_Opacity,Lung_Opacity,0.999792754650116,1
Lung_Opacity-4136.png,Lung_Opacity,Lung_Opacity,0.9998800754547119,1
Lung_Opacity-4139.png,Lung_Opacity,Lung_Opacity,0.9999915361404419,1
Lung_Opacity-4161.png,Lung_Opacity,Lung_Opacity,0.9999984502792358,1
Lung_Opacity-4165.png,Lung_Opacity,Lung_Opacity,0.9999994039535522,1
Lung_Opacity-4167.png,Lung_Opacity,Lung_Opacity,0.999994158744812,1
Lung_Opacity-4169.png,Lung_Opacity,Normal,0.7488535046577454,0
Lung_Opacity-4173.png,Lung_Opacity,Lung_Opacity,0.9999986886978149,1
Lung_Opacity-4174.png,Lung_Opacity,Normal,0.9905390739440918,0
Lung_Opacity-4178.png,Lung_Opacity,Lung_Opacity,0.967685341835022,1
Lung_Opacity-4189.png,Lung_Opacity,COVID,0.5575907826423645,0
Lung_Opacity-4196.png,Lung_Opacity,Lung_Opacity,0.9999690055847168,1
Lung_Opacity-4200.png,Lung_Opacity,Normal,0.7323847413063049,0
Lung_Opacity-4201.png,Lung_Opacity,Lung_Opacity,0.9800238013267517,1
Lung_Opacity-4208.png,Lung_Opacity,Lung_Opacity,0.9998555183410645,1
Lung_Opacity-4214.png,Lung_Opacity,Lung_Opacity,0.9700071215629578,1
Lung_Opacity-4215.png,Lung_Opacity,Lung_Opacity,0.9944953322410583,1
Lung_Opacity-4233.png,Lung_Opacity,Lung_Opacity,0.9998527765274048,1
Lung_Opacity-4235.png,Lung_Opacity,Lung_Opacity,1.0,1
Lung_Opacity-4237.png,Lung_Opacity,Normal,0.9579067826271057,0
Lung_Opacity-4252.png,Lung_Opacity,Normal,0.8767232298851013,0
Lung_Opacity-4267.png,Lung_Opacity,Lung_Opacity,0.9999986886978149,1
Lung_Opacity-4277.png,Lung_Opacity,Lung_Opacity,0.9999966621398926,1
Lung_Opacity-4283.png,Lung_Opacity,Normal,0.5977619886398315,0
Lung_Opacity-4288.png,Lung_Opacity,Lung_Opacity,0.998784601688385,1
Lung_Opacity-4291.png,Lung_Opacity,COVID,0.8098096251487732,0
Lung_Opacity-4308.png,Lung_Opacity,Lung_Opacity,0.8645468354225159,1
Lung_Opacity-4309.png,Lung_Opacity,Normal,0.6574136018753052,0
Lung_Opacity-4311.png,Lung_Opacity,Lung_Opacity,0.9957253932952881,1
Lung_Opacity-4315.png,Lung_Opacity,Lung_Opacity,0.9999867677688599,1
Lung_Opacity-4317.png,Lung_Opacity,Normal,0.8079963326454163,0
Lung_Opacity-4321.png,Lung_Opacity,COVID,0.7944238185882568,0
Lung_Opacity-4326.png,Lung_Opacity,Lung_Opacity,0.996362030506134,1
Lung_Opacity-4335.png,Lung_Opacity,Lung_Opacity,0.9970420002937317,1
Lung_Opacity-4341.png,Lung_Opacity,Lung_Opacity,0.9999903440475464,1
Lung_Opacity-4350.png,Lung_Opacity,Lung_Opacity,0.998044490814209,1
Lung_Opacity-4352.png,Lung_Opacity,Lung_Opacity,0.9990127086639404,1
Lung_Opacity-4358.png,Lung_Opacity,Lung_Opacity,0.9881178736686707,1
Lung_Opacity-4370.png,Lung_Opacity,Lung_Opacity,0.999764621257782,1
Lung_Opacity-4371.png,Lung_Opacity,Lung_Opacity,0.9597215056419373,1
Lung_Opacity-4384.png,Lung_Opacity,Lung_Opacity,0.996147632598877,1
Lung_Opacity-4385.png,Lung_Opacity,Normal,0.8294870853424072,0
Lung_Opacity-4391.png,Lung_Opacity,Lung_Opacity,0.998871386051178,1
Lung_Opacity-4397.png,Lung_Opacity,Lung_Opacity,0.9999762773513794,1
Lung_Opacity-4401.png,Lung_Opacity,Lung_Opacity,0.9996253252029419,1
Lung_Opacity-4403.png,Lung_Opacity,Lung_Opacity,0.9835257530212402,1
Lung_Opacity-4409.png,Lung_Opacity,Lung_Opacity,0.9999096393585205,1
Lung_Opacity-4410.png,Lung_Opacity,Lung_Opacity,0.9379859566688538,1
Lung_Opacity-4411.png,Lung_Opacity,Lung_Opacity,0.9999854564666748,1
Lung_Opacity-4423.png,Lung_Opacity,Lung_Opacity,0.9990550875663757,1
Lung_Opacity-4425.png,Lung_Opacity,Normal,0.8328694701194763,0
Lung_Opacity-4427.png,Lung_Opacity,Lung_Opacity,0.9997640252113342,1
Lung_Opacity-4434.png,Lung_Opacity,Lung_Opacity,0.998149037361145,1
Lung_Opacity-4435.png,Lung_Opacity,Lung_Opacity,0.998181939125061,1
Lung_Opacity-4445.png,Lung_Opacity,Normal,0.5359682440757751,0
Lung_Opacity-4447.png,Lung_Opacity,Lung_Opacity,0.9994010925292969,1
Lung_Opacity-4450.png,Lung_Opacity,Lung_Opacity,0.9979150891304016,1
Lung_Opacity-4457.png,Lung_Opacity,Lung_Opacity,0.9999814033508301,1
Lung_Opacity-4459.png,Lung_Opacity,Lung_Opacity,0.9997039437294006,1
Lung_Opacity-4461.png,Lung_Opacity,Lung_Opacity,0.9998629093170166,1
Lung_Opacity-4463.png,Lung_Opacity,Lung_Opacity,0.9996955394744873,1
Lung_Opacity-4479.png,Lung_Opacity,Normal,0.7571930885314941,0
Lung_Opacity-4486.png,Lung_Opacity,Lung_Opacity,0.999936580657959,1
Lung_Opacity-4488.png,Lung_Opacity,Lung_Opacity,0.9997696280479431,1
Lung_Opacity-4491.png,Lung_Opacity,Lung_Opacity,0.9996950626373291,1
Lung_Opacity-4494.png,Lung_Opacity,Lung_Opacity,0.9062783122062683,1
Lung_Opacity-4499.png,Lung_Opacity,Lung_Opacity,0.9999996423721313,1
Lung_Opacity-4501.png,Lung_Opacity,Lung_Opacity,0.9999648332595825,1
Lung_Opacity-4502.png,Lung_Opacity,Lung_Opacity,0.9882203340530396,1
Lung_Opacity-4508.png,Lung_Opacity,Normal,0.8230211734771729,0
Lung_Opacity-4509.png,Lung_Opacity,Lung_Opacity,0.9999351501464844,1
Lung_Opacity-4516.png,Lung_Opacity,Lung_Opacity,0.9942569136619568,1
Lung_Opacity-4521.png,Lung_Opacity,Lung_Opacity,0.7807300686836243,1
Lung_Opacity-4524.png,Lung_Opacity,Lung_Opacity,0.9847912192344666,1
Lung_Opacity-4525.png,Lung_Opacity,Lung_Opacity,0.9991316199302673,1
Lung_Opacity-4527.png,Lung_Opacity,Lung_Opacity,0.9999593496322632,1
Lung_Opacity-4530.png,Lung_Opacity,Lung_Opacity,0.9931706190109253,1
Lung_Opacity-4539.png,Lung_Opacity,Lung_Opacity,0.9989457726478577,1
Lung_Opacity-4546.png,Lung_Opacity,Lung_Opacity,0.9894102811813354,1
Lung_Opacity-4547.png,Lung_Opacity,Normal,0.9946653842926025,0
Lung_Opacity-4551.png,Lung_Opacity,Lung_Opacity,0.9999998807907104,1
Lung_Opacity-4553.png,Lung_Opacity,Lung_Opacity,0.9998132586479187,1
Lung_Opacity-4558.png,Lung_Opacity,Lung_Opacity,0.9999873638153076,1
Lung_Opacity-4560.png,Lung_Opacity,Lung_Opacity,1.0,1
Lung_Opacity-4571.png,Lung_Opacity,Normal,0.9965628981590271,0
Lung_Opacity-4577.png,Lung_Opacity,Lung_Opacity,0.9993764758110046,1
Lung_Opacity-4580.png,Lung_Opacity,Lung_Opacity,0.9999090433120728,1
Lung_Opacity-4591.png,Lung_Opacity,Lung_Opacity,0.9997356534004211,1
Lung_Opacity-4592.png,Lung_Opacity,Lung_Opacity,0.9999958276748657,1
Lung_Opacity-4595.png,Lung_Opacity,Lung_Opacity,0.9889523386955261,1
Lung_Opacity-4596.png,Lung_Opacity,Lung_Opacity,0.999974250793457,1
Lung_Opacity-4604.png,Lung_Opacity,Lung_Opacity,0.9956568479537964,1
Lung_Opacity-4621.png,Lung_Opacity,Lung_Opacity,0.9992202520370483,1
Lung_Opacity-4625.png,Lung_Opacity,Lung_Opacity,0.9605230689048767,1
Lung_Opacity-4628.png,Lung_Opacity,Normal,0.8964306712150574,0
Lung_Opacity-4629.png,Lung_Opacity,Lung_Opacity,0.9991052746772766,1
Lung_Opacity-4637.png,Lung_Opacity,Lung_Opacity,0.998677670955658,1
Lung_Opacity-4638.png,Lung_Opacity,Lung_Opacity,0.9999982118606567,1
Lung_Opacity-4648.png,Lung_Opacity,Lung_Opacity,0.9999697208404541,1
Lung_Opacity-4654.png,Lung_Opacity,Lung_Opacity,0.9998949766159058,1
Lung_Opacity-4656.png,Lung_Opacity,Lung_Opacity,0.9913915395736694,1
Lung_Opacity-4664.png,Lung_Opacity,Normal,0.992318868637085,0
Lung_Opacity-4665.png,Lung_Opacity,Lung_Opacity,0.999661922454834,1
Lung_Opacity-4676.png,Lung_Opacity,Lung_Opacity,0.5731542110443115,1
Lung_Opacity-4678.png,Lung_Opacity,Lung_Opacity,0.9998546838760376,1
Lung_Opacity-4679.png,Lung_Opacity,Lung_Opacity,0.9996285438537598,1
Lung_Opacity-4691.png,Lung_Opacity,Lung_Opacity,0.9999995231628418,1
Lung_Opacity-4692.png,Lung_Opacity,Normal,0.9864718317985535,0
Lung_Opacity-4712.png,Lung_Opacity,Lung_Opacity,0.995832622051239,1
Lung_Opacity-4714.png,Lung_Opacity,Lung_Opacity,0.6891791224479675,1
Lung_Opacity-4715.png,Lung_Opacity,Normal,0.6776708364486694,0
Lung_Opacity-4718.png,Lung_Opacity,Lung_Opacity,0.9931871891021729,1
Lung_Opacity-4729.png,Lung_Opacity,Lung_Opacity,0.9999868869781494,1
Lung_Opacity-4730.png,Lung_Opacity,Lung_Opacity,0.999983549118042,1
Lung_Opacity-4734.png,Lung_Opacity,Lung_Opacity,0.9987983703613281,1
Lung_Opacity-4740.png,Lung_Opacity,Lung_Opacity,0.9999911785125732,1
Lung_Opacity-4745.png,Lung_Opacity,Lung_Opacity,0.9996328353881836,1
Lung_Opacity-4747.png,Lung_Opacity,Lung_Opacity,0.9999127388000488,1
Lung_Opacity-4750.png,Lung_Opacity,Lung_Opacity,0.9887533187866211,1
Lung_Opacity-4754.png,Lung_Opacity,Lung_Opacity,0.9999778270721436,1
Lung_Opacity-4758.png,Lung_Opacity,Lung_Opacity,0.9956249594688416,1
Lung_Opacity-4761.png,Lung_Opacity,Lung_Opacity,0.5141683220863342,1
Lung_Opacity-4765.png,Lung_Opacity,Lung_Opacity,0.9775053858757019,1
Lung_Opacity-4770.png,Lung_Opacity,Lung_Opacity,0.999995231628418,1
Lung_Opacity-4777.png,Lung_Opacity,COVID,0.5392287969589233,0
Lung_Opacity-4781.png,Lung_Opacity,Lung_Opacity,0.9996309280395508,1
Lung_Opacity-4782.png,Lung_Opacity,Lung_Opacity,0.9999872446060181,1
Lung_Opacity-4786.png,Lung_Opacity,Lung_Opacity,0.9999470710754395,1
Lung_Opacity-4797.png,Lung_Opacity,Normal,0.9596930742263794,0
Lung_Opacity-4805.png,Lung_Opacity,Lung_Opacity,0.9970654845237732,1
Lung_Opacity-4815.png,Lung_Opacity,Lung_Opacity,0.9937614798545837,1
Lung_Opacity-4822.png,Lung_Opacity,Normal,0.9882683157920837,0
Lung_Opacity-4841.png,Lung_Opacity,Lung_Opacity,0.999774158000946,1
Lung_Opacity-4842.png,Lung_Opacity,Lung_Opacity,0.9773610830307007,1
Lung_Opacity-4854.png,Lung_Opacity,Lung_Opacity,0.99991774559021,1
Lung_Opacity-4855.png,Lung_Opacity,Lung_Opacity,0.9996583461761475,1
Lung_Opacity-4856.png,Lung_Opacity,Lung_Opacity,0.9999257326126099,1
Lung_Opacity-4859.png,Lung_Opacity,Lung_Opacity,0.9978506565093994,1
Lung_Opacity-4874.png,Lung_Opacity,Normal,0.9927983283996582,0
Lung_Opacity-4887.png,Lung_Opacity,Normal,0.9996381998062134,0
Lung_Opacity-4889.png,Lung_Opacity,Lung_Opacity,0.9218082427978516,1
Lung_Opacity-4896.png,Lung_Opacity,Lung_Opacity,0.9910780787467957,1
Lung_Opacity-4898.png,Lung_Opacity,Lung_Opacity,0.9999850988388062,1
Lung_Opacity-4903.png,Lung_Opacity,Lung_Opacity,0.9999973773956299,1
Lung_Opacity-4910.png,Lung_Opacity,Lung_Opacity,0.9999665021896362,1
Lung_Opacity-4917.png,Lung_Opacity,Lung_Opacity,0.9999990463256836,1
Lung_Opacity-4918.png,Lung_Opacity,Lung_Opacity,0.9896165132522583,1
Lung_Opacity-4928.png,Lung_Opacity,Lung_Opacity,0.9581595063209534,1
Lung_Opacity-4934.png,Lung_Opacity,Normal,0.9951810240745544,0
Lung_Opacity-4936.png,Lung_Opacity,Lung_Opacity,0.9985174536705017,1
Lung_Opacity-4938.png,Lung_Opacity,COVID,0.5042260885238647,0
Lung_Opacity-4940.png,Lung_Opacity,Lung_Opacity,0.9999996423721313,1
Lung_Opacity-4946.png,Lung_Opacity,Lung_Opacity,0.9993523955345154,1
Lung_Opacity-4947.png,Lung_Opacity,Lung_Opacity,0.9999366998672485,1
Lung_Opacity-4952.png,Lung_Opacity,Normal,0.9941290616989136,0
Lung_Opacity-4954.png,Lung_Opacity,Lung_Opacity,0.9979302883148193,1
Lung_Opacity-4957.png,Lung_Opacity,Lung_Opacity,0.5604774951934814,1
Lung_Opacity-4959.png,Lung_Opacity,Lung_Opacity,0.9998955726623535,1
Lung_Opacity-4965.png,Lung_Opacity,Lung_Opacity,0.9915547966957092,1
Lung_Opacity-4968.png,Lung_Opacity,Lung_Opacity,0.9974707365036011,1
Lung_Opacity-4969.png,Lung_Opacity,Lung_Opacity,0.9993768334388733,1
Lung_Opacity-4971.png,Lung_Opacity,Lung_Opacity,0.9999575614929199,1
Lung_Opacity-4974.png,Lung_Opacity,Lung_Opacity,0.9999828338623047,1
Lung_Opacity-4980.png,Lung_Opacity,Lung_Opacity,0.9999741315841675,1
Lung_Opacity-4987.png,Lung_Opacity,Normal,0.9535926580429077,0
Lung_Opacity-4991.png,Lung_Opacity,Lung_Opacity,0.9999998807907104,1
Lung_Opacity-4992.png,Lung_Opacity,Lung_Opacity,0.9999878406524658,1
Lung_Opacity-4995.png,Lung_Opacity,Lung_Opacity,0.9999374151229858,1
Lung_Opacity-4998.png,Lung_Opacity,Lung_Opacity,0.9999996423721313,1
Lung_Opacity-5002.png,Lung_Opacity,Lung_Opacity,0.9999418258666992,1
Lung_Opacity-5005.png,Lung_Opacity,Lung_Opacity,0.9981671571731567,1
Lung_Opacity-5009.png,Lung_Opacity,Lung_Opacity,0.9999994039535522,1
Lung_Opacity-5017.png,Lung_Opacity,Lung_Opacity,0.9997151494026184,1
Lung_Opacity-5025.png,Lung_Opacity,Lung_Opacity,0.9973280429840088,1
Lung_Opacity-5040.png,Lung_Opacity,Lung_Opacity,0.8990138173103333,1
Lung_Opacity-5042.png,Lung_Opacity,Lung_Opacity,0.9999995231628418,1
Lung_Opacity-5043.png,Lung_Opacity,Lung_Opacity,0.9993676543235779,1
Lung_Opacity-5046.png,Lung_Opacity,Lung_Opacity,0.891274631023407,1
Lung_Opacity-5048.png,Lung_Opacity,Lung_Opacity,0.9951151609420776,1
Lung_Opacity-5050.png,Lung_Opacity,Lung_Opacity,0.9994770884513855,1
Lung_Opacity-5055.png,Lung_Opacity,Normal,0.8448382019996643,0
Lung_Opacity-5058.png,Lung_Opacity,Lung_Opacity,0.991232693195343,1
Lung_Opacity-5060.png,Lung_Opacity,Lung_Opacity,0.9999880790710449,1
Lung_Opacity-5068.png,Lung_Opacity,Lung_Opacity,0.9999426603317261,1
Lung_Opacity-5070.png,Lung_Opacity,Lung_Opacity,0.9999239444732666,1
Lung_Opacity-5086.png,Lung_Opacity,Lung_Opacity,0.9248114824295044,1
Lung_Opacity-5087.png,Lung_Opacity,Lung_Opacity,0.9999587535858154,1
Lung_Opacity-5089.png,Lung_Opacity,Lung_Opacity,0.9996127486228943,1
Lung_Opacity-5090.png,Lung_Opacity,Lung_Opacity,0.9864702820777893,1
Lung_Opacity-5098.png,Lung_Opacity,Lung_Opacity,0.9999436140060425,1
Lung_Opacity-5100.png,Lung_Opacity,Lung_Opacity,0.9999959468841553,1
Lung_Opacity-5103.png,Lung_Opacity,Lung_Opacity,0.7710720300674438,1
Lung_Opacity-5104.png,Lung_Opacity,Lung_Opacity,0.9991925358772278,1
Lung_Opacity-5108.png,Lung_Opacity,Lung_Opacity,0.9989854693412781,1
Lung_Opacity-5117.png,Lung_Opacity,Lung_Opacity,0.9999973773956299,1
Lung_Opacity-5120.png,Lung_Opacity,Lung_Opacity,0.9999953508377075,1
Lung_Opacity-5127.png,Lung_Opacity,Lung_Opacity,0.999923825263977,1
Lung_Opacity-5132.png,Lung_Opacity,Normal,0.6968172788619995,0
Lung_Opacity-5133.png,Lung_Opacity,Normal,0.9002122282981873,0
Lung_Opacity-5142.png,Lung_Opacity,Lung_Opacity,0.9708110094070435,1
Lung_Opacity-5148.png,Lung_Opacity,Lung_Opacity,0.9998986721038818,1
Lung_Opacity-5159.png,Lung_Opacity,Normal,0.9080917239189148,0
Lung_Opacity-5160.png,Lung_Opacity,Lung_Opacity,0.9999222755432129,1
Lung_Opacity-5164.png,Lung_Opacity,Lung_Opacity,0.9997443556785583,1
Lung_Opacity-5165.png,Lung_Opacity,Lung_Opacity,0.9999994039535522,1
Lung_Opacity-5167.png,Lung_Opacity,Lung_Opacity,0.9895500540733337,1
Lung_Opacity-5170.png,Lung_Opacity,Lung_Opacity,0.9996592998504639,1
Lung_Opacity-5173.png,Lung_Opacity,Lung_Opacity,0.999701201915741,1
Lung_Opacity-5179.png,Lung_Opacity,Lung_Opacity,0.9999998807907104,1
Lung_Opacity-5185.png,Lung_Opacity,Lung_Opacity,0.999997615814209,1
Lung_Opacity-5188.png,Lung_Opacity,Lung_Opacity,0.9999958276748657,1
Lung_Opacity-5195.png,Lung_Opacity,Lung_Opacity,0.9999747276306152,1
Lung_Opacity-5203.png,Lung_Opacity,Lung_Opacity,0.9989474415779114,1
Lung_Opacity-5204.png,Lung_Opacity,Lung_Opacity,0.999330997467041,1
Lung_Opacity-5208.png,Lung_Opacity,Lung_Opacity,0.9817079305648804,1
Lung_Opacity-5210.png,Lung_Opacity,Lung_Opacity,0.9989725351333618,1
Lung_Opacity-5220.png,Lung_Opacity,Lung_Opacity,0.9999692440032959,1
Lung_Opacity-5221.png,Lung_Opacity,Lung_Opacity,0.9998295307159424,1
Lung_Opacity-5224.png,Lung_Opacity,Lung_Opacity,0.9993601441383362,1
Lung_Opacity-5231.png,Lung_Opacity,Lung_Opacity,0.9828375577926636,1
Lung_Opacity-5242.png,Lung_Opacity,Normal,0.8622714877128601,0
Lung_Opacity-5244.png,Lung_Opacity,Lung_Opacity,0.9930052161216736,1
Lung_Opacity-5254.png,Lung_Opacity,Lung_Opacity,0.966820240020752,1
Lung_Opacity-5258.png,Lung_Opacity,Lung_Opacity,0.99299556016922,1
Lung_Opacity-5259.png,Lung_Opacity,Lung_Opacity,0.99978107213974,1
Lung_Opacity-5261.png,Lung_Opacity,Lung_Opacity,0.9998276233673096,1
Lung_Opacity-5270.png,Lung_Opacity,Lung_Opacity,0.9962561130523682,1
Lung_Opacity-5275.png,Lung_Opacity,Lung_Opacity,0.7686991095542908,1
Lung_Opacity-5277.png,Lung_Opacity,Lung_Opacity,0.9998838901519775,1
Lung_Opacity-5286.png,Lung_Opacity,Lung_Opacity,0.9933446645736694,1
Lung_Opacity-5287.png,Lung_Opacity,Lung_Opacity,0.9781906604766846,1
Lung_Opacity-5288.png,Lung_Opacity,Lung_Opacity,0.9999991655349731,1
Lung_Opacity-5297.png,Lung_Opacity,Lung_Opacity,0.999913215637207,1
Lung_Opacity-5311.png,Lung_Opacity,Lung_Opacity,0.9999910593032837,1
Lung_Opacity-5315.png,Lung_Opacity,Lung_Opacity,0.9998756647109985,1
Lung_Opacity-5317.png,Lung_Opacity,Lung_Opacity,0.9999970197677612,1
Lung_Opacity-5326.png,Lung_Opacity,Lung_Opacity,0.9999880790710449,1
Lung_Opacity-5329.png,Lung_Opacity,Lung_Opacity,0.9999985694885254,1
Lung_Opacity-5330.png,Lung_Opacity,Lung_Opacity,0.9999014139175415,1
Lung_Opacity-5331.png,Lung_Opacity,Lung_Opacity,0.9955272078514099,1
Lung_Opacity-5332.png,Lung_Opacity,Lung_Opacity,0.9998693466186523,1
Lung_Opacity-5346.png,Lung_Opacity,Lung_Opacity,0.9999984502792358,1
Lung_Opacity-5356.png,Lung_Opacity,Lung_Opacity,0.9967548251152039,1
Lung_Opacity-5367.png,Lung_Opacity,Lung_Opacity,0.996563732624054,1
Lung_Opacity-5382.png,Lung_Opacity,Lung_Opacity,0.9999861717224121,1
Lung_Opacity-5386.png,Lung_Opacity,Lung_Opacity,0.8454977869987488,1
Lung_Opacity-5391.png,Lung_Opacity,Lung_Opacity,0.9997140765190125,1
Lung_Opacity-5397.png,Lung_Opacity,Lung_Opacity,0.9999884366989136,1
Lung_Opacity-5406.png,Lung_Opacity,Lung_Opacity,0.999922513961792,1
Lung_Opacity-5410.png,Lung_Opacity,Lung_Opacity,0.9995816349983215,1
Lung_Opacity-5420.png,Lung_Opacity,Lung_Opacity,0.9943318367004395,1
Lung_Opacity-5422.png,Lung_Opacity,Lung_Opacity,0.9999994039535522,1
Lung_Opacity-5424.png,Lung_Opacity,Lung_Opacity,0.9999785423278809,1
Lung_Opacity-5433.png,Lung_Opacity,Lung_Opacity,0.9994375109672546,1
Lung_Opacity-5438.png,Lung_Opacity,Lung_Opacity,0.9999866485595703,1
Lung_Opacity-5439.png,Lung_Opacity,Lung_Opacity,0.9266939759254456,1
Lung_Opacity-5446.png,Lung_Opacity,Lung_Opacity,0.9996368885040283,1
Lung_Opacity-5452.png,Lung_Opacity,Lung_Opacity,0.9999874830245972,1
Lung_Opacity-5456.png,Lung_Opacity,Lung_Opacity,0.9998338222503662,1
Lung_Opacity-5462.png,Lung_Opacity,Lung_Opacity,0.934586763381958,1
Lung_Opacity-5466.png,Lung_Opacity,Lung_Opacity,0.9953737854957581,1
Lung_Opacity-5476.png,Lung_Opacity,Lung_Opacity,0.999860405921936,1
Lung_Opacity-5485.png,Lung_Opacity,Lung_Opacity,0.7518399357795715,1
Lung_Opacity-5488.png,Lung_Opacity,Lung_Opacity,0.9661783576011658,1
Lung_Opacity-5503.png,Lung_Opacity,Lung_Opacity,0.9999790191650391,1
Lung_Opacity-5504.png,Lung_Opacity,Lung_Opacity,0.9967589974403381,1
Lung_Opacity-5509.png,Lung_Opacity,Lung_Opacity,0.9996671676635742,1
Lung_Opacity-5510.png,Lung_Opacity,Lung_Opacity,0.9998250603675842,1
Lung_Opacity-5514.png,Lung_Opacity,Lung_Opacity,0.9967514276504517,1
Lung_Opacity-5515.png,Lung_Opacity,Lung_Opacity,0.999969482421875,1
Lung_Opacity-5520.png,Lung_Opacity,Lung_Opacity,0.9998651742935181,1
Lung_Opacity-5521.png,Lung_Opacity,Lung_Opacity,0.9998477697372437,1
Lung_Opacity-5524.png,Lung_Opacity,Lung_Opacity,0.6152200698852539,1
Lung_Opacity-5531.png,Lung_Opacity,Lung_Opacity,0.9998979568481445,1
Lung_Opacity-5541.png,Lung_Opacity,Lung_Opacity,0.9999979734420776,1
Lung_Opacity-5545.png,Lung_Opacity,Lung_Opacity,0.9999840259552002,1
Lung_Opacity-5547.png,Lung_Opacity,Normal,0.9987120628356934,0
Lung_Opacity-5553.png,Lung_Opacity,Lung_Opacity,0.6731180548667908,1
Lung_Opacity-5554.png,Lung_Opacity,Lung_Opacity,0.9998741149902344,1
Lung_Opacity-5556.png,Lung_Opacity,Lung_Opacity,0.999268114566803,1
Lung_Opacity-5561.png,Lung_Opacity,Lung_Opacity,0.999961256980896,1
Lung_Opacity-5564.png,Lung_Opacity,Lung_Opacity,0.5921152234077454,1
Lung_Opacity-5566.png,Lung_Opacity,Lung_Opacity,0.7800682783126831,1
Lung_Opacity-5569.png,Lung_Opacity,Lung_Opacity,0.9997618794441223,1
Lung_Opacity-5572.png,Lung_Opacity,Lung_Opacity,0.9997982382774353,1
Lung_Opacity-5575.png,Lung_Opacity,Lung_Opacity,0.9999029636383057,1
Lung_Opacity-5576.png,Lung_Opacity,Lung_Opacity,0.9904156923294067,1
Lung_Opacity-5579.png,Lung_Opacity,Normal,0.9997822642326355,0
Lung_Opacity-5592.png,Lung_Opacity,Lung_Opacity,0.7700307369232178,1
Lung_Opacity-5607.png,Lung_Opacity,Lung_Opacity,0.9986349940299988,1
Lung_Opacity-5616.png,Lung_Opacity,Lung_Opacity,1.0,1
Lung_Opacity-5619.png,Lung_Opacity,Lung_Opacity,0.9999477863311768,1
Lung_Opacity-5622.png,Lung_Opacity,Lung_Opacity,0.9999619722366333,1
Lung_Opacity-5629.png,Lung_Opacity,Lung_Opacity,0.9994909763336182,1
Lung_Opacity-5634.png,Lung_Opacity,Lung_Opacity,0.9999715089797974,1
Lung_Opacity-5636.png,Lung_Opacity,Lung_Opacity,0.9993687272071838,1
Lung_Opacity-5638.png,Lung_Opacity,Lung_Opacity,0.9995185136795044,1
Lung_Opacity-5644.png,Lung_Opacity,COVID,0.9800976514816284,0
Lung_Opacity-5648.png,Lung_Opacity,Lung_Opacity,0.9999676942825317,1
Lung_Opacity-5653.png,Lung_Opacity,Lung_Opacity,0.9997134804725647,1
Lung_Opacity-5660.png,Lung_Opacity,Lung_Opacity,0.9999862909317017,1
Lung_Opacity-5664.png,Lung_Opacity,Lung_Opacity,0.9999909400939941,1
Lung_Opacity-5671.png,Lung_Opacity,Lung_Opacity,0.9990314245223999,1
Lung_Opacity-5673.png,Lung_Opacity,Lung_Opacity,0.9985442161560059,1
Lung_Opacity-5676.png,Lung_Opacity,Lung_Opacity,0.9876301884651184,1
Lung_Opacity-5678.png,Lung_Opacity,Lung_Opacity,0.9998866319656372,1
Lung_Opacity-5686.png,Lung_Opacity,Lung_Opacity,0.9766110181808472,1
Lung_Opacity-5687.png,Lung_Opacity,Lung_Opacity,0.9999990463256836,1
Lung_Opacity-5689.png,Lung_Opacity,Lung_Opacity,0.8585098385810852,1
Lung_Opacity-5691.png,Lung_Opacity,Lung_Opacity,0.9993945360183716,1
Lung_Opacity-5696.png,Lung_Opacity,Lung_Opacity,0.9999885559082031,1
Lung_Opacity-5705.png,Lung_Opacity,Lung_Opacity,0.999519944190979,1
Lung_Opacity-5713.png,Lung_Opacity,Lung_Opacity,0.9994530081748962,1
Lung_Opacity-5715.png,Lung_Opacity,Lung_Opacity,0.9991133809089661,1
Lung_Opacity-5720.png,Lung_Opacity,Lung_Opacity,0.9999935626983643,1
Lung_Opacity-5721.png,Lung_Opacity,Lung_Opacity,0.9979479908943176,1
Lung_Opacity-5722.png,Lung_Opacity,Lung_Opacity,0.9817845821380615,1
Lung_Opacity-5728.png,Lung_Opacity,Lung_Opacity,0.9991065859794617,1
Lung_Opacity-5732.png,Lung_Opacity,Lung_Opacity,0.998610258102417,1
Lung_Opacity-5739.png,Lung_Opacity,Lung_Opacity,0.7511767745018005,1
Lung_Opacity-5741.png,Lung_Opacity,Lung_Opacity,0.996830403804779,1
Lung_Opacity-5746.png,Lung_Opacity,Lung_Opacity,0.9995937943458557,1
Lung_Opacity-5747.png,Lung_Opacity,Lung_Opacity,0.9999580383300781,1
Lung_Opacity-5752.png,Lung_Opacity,Lung_Opacity,0.9921161532402039,1
Lung_Opacity-5759.png,Lung_Opacity,Lung_Opacity,0.999934196472168,1
Lung_Opacity-5762.png,Lung_Opacity,Lung_Opacity,0.9736697673797607,1
Lung_Opacity-5763.png,Lung_Opacity,Lung_Opacity,0.9988195300102234,1
Lung_Opacity-5772.png,Lung_Opacity,COVID,0.7546337842941284,0
Lung_Opacity-5773.png,Lung_Opacity,Lung_Opacity,0.9999457597732544,1
Lung_Opacity-5778.png,Lung_Opacity,Lung_Opacity,0.9999997615814209,1
Lung_Opacity-5790.png,Lung_Opacity,Lung_Opacity,0.9999641180038452,1
Lung_Opacity-5794.png,Lung_Opacity,Lung_Opacity,0.9517494440078735,1
Lung_Opacity-5795.png,Lung_Opacity,Lung_Opacity,0.8563340306282043,1
Lung_Opacity-5797.png,Lung_Opacity,Lung_Opacity,0.9999821186065674,1
Lung_Opacity-5802.png,Lung_Opacity,Lung_Opacity,0.9999538660049438,1
Lung_Opacity-5804.png,Lung_Opacity,Lung_Opacity,0.9993834495544434,1
Lung_Opacity-5805.png,Lung_Opacity,Lung_Opacity,0.9999074935913086,1
Lung_Opacity-5807.png,Lung_Opacity,Lung_Opacity,0.68150395154953,1
Lung_Opacity-5808.png,Lung_Opacity,Lung_Opacity,0.9990273714065552,1
Lung_Opacity-5812.png,Lung_Opacity,Lung_Opacity,0.9999996423721313,1
Lung_Opacity-5819.png,Lung_Opacity,Lung_Opacity,0.9999139308929443,1
Lung_Opacity-5826.png,Lung_Opacity,Normal,0.6113677620887756,0
Lung_Opacity-5829.png,Lung_Opacity,Lung_Opacity,1.0,1
Lung_Opacity-5830.png,Lung_Opacity,Lung_Opacity,0.9932664632797241,1
Lung_Opacity-5833.png,Lung_Opacity,Lung_Opacity,0.9999064207077026,1
Lung_Opacity-5836.png,Lung_Opacity,Lung_Opacity,0.9999604225158691,1
Lung_Opacity-5843.png,Lung_Opacity,Lung_Opacity,0.9993014335632324,1
Lung_Opacity-5845.png,Lung_Opacity,Lung_Opacity,0.9995517134666443,1
Lung_Opacity-5858.png,Lung_Opacity,Lung_Opacity,0.9973468780517578,1
Lung_Opacity-5863.png,Lung_Opacity,Lung_Opacity,0.9999827146530151,1
Lung_Opacity-5869.png,Lung_Opacity,Lung_Opacity,0.9999860525131226,1
Lung_Opacity-5888.png,Lung_Opacity,COVID,0.9704988598823547,0
Lung_Opacity-5889.png,Lung_Opacity,Lung_Opacity,0.9999308586120605,1
Lung_Opacity-5895.png,Lung_Opacity,Lung_Opacity,0.9999986886978149,1
Lung_Opacity-5896.png,Lung_Opacity,Lung_Opacity,0.9999879598617554,1
Lung_Opacity-5905.png,Lung_Opacity,Lung_Opacity,0.9999966621398926,1
Lung_Opacity-5906.png,Lung_Opacity,Lung_Opacity,0.9999986886978149,1
Lung_Opacity-5909.png,Lung_Opacity,Lung_Opacity,0.989450991153717,1
Lung_Opacity-5915.png,Lung_Opacity,Lung_Opacity,0.999967098236084,1
Lung_Opacity-5916.png,Lung_Opacity,Lung_Opacity,0.9949533343315125,1
Lung_Opacity-5918.png,Lung_Opacity,Lung_Opacity,0.9999825954437256,1
Lung_Opacity-5919.png,Lung_Opacity,Lung_Opacity,0.9734203815460205,1
Lung_Opacity-5921.png,Lung_Opacity,Lung_Opacity,0.9996546506881714,1
Lung_Opacity-5923.png,Lung_Opacity,Lung_Opacity,0.9958343505859375,1
Lung_Opacity-5927.png,Lung_Opacity,Lung_Opacity,0.9967743754386902,1
Lung_Opacity-5940.png,Lung_Opacity,COVID,0.5250558853149414,0
Lung_Opacity-5944.png,Lung_Opacity,Lung_Opacity,0.9997872710227966,1
Lung_Opacity-5946.png,Lung_Opacity,Lung_Opacity,0.9999895095825195,1
Lung_Opacity-5952.png,Lung_Opacity,Lung_Opacity,0.996657133102417,1
Lung_Opacity-5954.png,Lung_Opacity,Lung_Opacity,0.9999879598617554,1
Lung_Opacity-5956.png,Lung_Opacity,Lung_Opacity,0.999467670917511,1
Lung_Opacity-5957.png,Lung_Opacity,Lung_Opacity,0.8214377760887146,1
Lung_Opacity-5961.png,Lung_Opacity,Lung_Opacity,0.9999995231628418,1
Lung_Opacity-5963.png,Lung_Opacity,Lung_Opacity,0.9999662637710571,1
Lung_Opacity-5966.png,Lung_Opacity,Lung_Opacity,0.9998644590377808,1
Lung_Opacity-5967.png,Lung_Opacity,Lung_Opacity,0.9986587762832642,1
Lung_Opacity-5975.png,Lung_Opacity,Lung_Opacity,0.9999758005142212,1
Lung_Opacity-5977.png,Lung_Opacity,Lung_Opacity,0.9999821186065674,1
Lung_Opacity-5988.png,Lung_Opacity,Lung_Opacity,0.9999299049377441,1
Lung_Opacity-5997.png,Lung_Opacity,Lung_Opacity,0.999994158744812,1
Lung_Opacity-5999.png,Lung_Opacity,Lung_Opacity,0.9999897480010986,1
Lung_Opacity-6000.png,Lung_Opacity,Lung_Opacity,0.9981677532196045,1
Viral Pneumonia-1.png,Viral Pneumonia,Viral Pneumonia,0.9995915293693542,1
Viral Pneumonia-7.png,Viral Pneumonia,Viral Pneumonia,0.9943240880966187,1
Viral Pneumonia-32.png,Viral Pneumonia,Normal,0.9297242164611816,0
Viral Pneumonia-44.png,Viral Pneumonia,Viral Pneumonia,0.9999347925186157,1
Viral Pneumonia-60.png,Viral Pneumonia,Viral Pneumonia,0.9999498128890991,1
Viral Pneumonia-62.png,Viral Pneumonia,Viral Pneumonia,0.9999862909317017,1
Viral Pneumonia-64.png,Viral Pneumonia,Viral Pneumonia,0.9999884366989136,1
Viral Pneumonia-67.png,Viral Pneumonia,Viral Pneumonia,0.9999555349349976,1
Viral Pneumonia-71.png,Viral Pneumonia,Viral Pneumonia,0.9999974966049194,1
Viral Pneumonia-74.png,Viral Pneumonia,Viral Pneumonia,0.9999905824661255,1
Viral Pneumonia-76.png,Viral Pneumonia,Viral Pneumonia,0.9998243451118469,1
Viral Pneumonia-77.png,Viral Pneumonia,Viral Pneumonia,0.9998338222503662,1
Viral Pneumonia-83.png,Viral Pneumonia,Viral Pneumonia,0.9999393224716187,1
Viral Pneumonia-93.png,Viral Pneumonia,Viral Pneumonia,0.9982594847679138,1
Viral Pneumonia-96.png,Viral Pneumonia,Viral Pneumonia,0.9997168183326721,1
Viral Pneumonia-97.png,Viral Pneumonia,Viral Pneumonia,0.9996317625045776,1
Viral Pneumonia-99.png,Viral Pneumonia,Viral Pneumonia,0.9999387264251709,1
Viral Pneumonia-102.png,Viral Pneumonia,Viral Pneumonia,0.9997712969779968,1
Viral Pneumonia-103.png,Viral Pneumonia,Viral Pneumonia,0.9998756647109985,1
Viral Pneumonia-109.png,Viral Pneumonia,Viral Pneumonia,0.9999980926513672,1
Viral Pneumonia-114.png,Viral Pneumonia,Viral Pneumonia,0.9999978542327881,1
Viral Pneumonia-127.png,Viral Pneumonia,Viral Pneumonia,0.9999983310699463,1
Viral Pneumonia-128.png,Viral Pneumonia,Viral Pneumonia,0.9992328882217407,1
Viral Pneumonia-132.png,Viral Pneumonia,Viral Pneumonia,1.0,1
Viral Pneumonia-135.png,Viral Pneumonia,Viral Pneumonia,0.9999966621398926,1
Viral Pneumonia-136.png,Viral Pneumonia,Viral Pneumonia,0.999998927116394,1
Viral Pneumonia-139.png,Viral Pneumonia,Viral Pneumonia,0.9671733975410461,1
Viral Pneumonia-142.png,Viral Pneumonia,Viral Pneumonia,0.9976872205734253,1
Viral Pneumonia-152.png,Viral Pneumonia,Viral Pneumonia,0.6996802687644958,1
Viral Pneumonia-163.png,Viral Pneumonia,Viral Pneumonia,0.9963666200637817,1
Viral Pneumonia-177.png,Viral Pneumonia,Viral Pneumonia,0.6498679518699646,1
Viral Pneumonia-181.png,Viral Pneumonia,Viral Pneumonia,0.9999783039093018,1
Viral Pneumonia-190.png,Viral Pneumonia,Viral Pneumonia,0.9999998807907104,1
Viral Pneumonia-193.png,Viral Pneumonia,Viral Pneumonia,0.9961317777633667,1
Viral Pneumonia-200.png,Viral Pneumonia,Viral Pneumonia,0.9997058510780334,1
Viral Pneumonia-202.png,Viral Pneumonia,Viral Pneumonia,0.9991301894187927,1
Viral Pneumonia-207.png,Viral Pneumonia,Viral Pneumonia,0.999927282333374,1
Viral Pneumonia-210.png,Viral Pneumonia,Viral Pneumonia,0.9999972581863403,1
Viral Pneumonia-213.png,Viral Pneumonia,Viral Pneumonia,0.9998855590820312,1
Viral Pneumonia-214.png,Viral Pneumonia,Viral Pneumonia,0.987154483795166,1
Viral Pneumonia-215.png,Viral Pneumonia,Viral Pneumonia,0.9999814033508301,1
Viral Pneumonia-222.png,Viral Pneumonia,Viral Pneumonia,0.9999990463256836,1
Viral Pneumonia-224.png,Viral Pneumonia,Viral Pneumonia,0.9999114274978638,1
Viral Pneumonia-225.png,Viral Pneumonia,Viral Pneumonia,0.9979175925254822,1
Viral Pneumonia-228.png,Viral Pneumonia,Viral Pneumonia,0.9999908208847046,1
Viral Pneumonia-245.png,Viral Pneumonia,Viral Pneumonia,0.996797502040863,1
Viral Pneumonia-252.png,Viral Pneumonia,Viral Pneumonia,0.9999959468841553,1
Viral Pneumonia-256.png,Viral Pneumonia,Viral Pneumonia,0.9190546870231628,1
Viral Pneumonia-262.png,Viral Pneumonia,Viral Pneumonia,0.9999470710754395,1
Viral Pneumonia-263.png,Viral Pneumonia,Viral Pneumonia,0.9999954700469971,1
Viral Pneumonia-266.png,Viral Pneumonia,Viral Pneumonia,0.9999997615814209,1
Viral Pneumonia-272.png,Viral Pneumonia,Viral Pneumonia,0.9999978542327881,1
Viral Pneumonia-274.png,Viral Pneumonia,Viral Pneumonia,0.9999960660934448,1
Viral Pneumonia-285.png,Viral Pneumonia,Viral Pneumonia,0.9999685287475586,1
Viral Pneumonia-286.png,Viral Pneumonia,Viral Pneumonia,0.9999786615371704,1
Viral Pneumonia-295.png,Viral Pneumonia,Viral Pneumonia,0.9999971389770508,1
Viral Pneumonia-296.png,Viral Pneumonia,Viral Pneumonia,0.9999634027481079,1
Viral Pneumonia-300.png,Viral Pneumonia,Viral Pneumonia,0.9999518394470215,1
Viral Pneumonia-301.png,Viral Pneumonia,Viral Pneumonia,0.9999028444290161,1
Viral Pneumonia-302.png,Viral Pneumonia,Viral Pneumonia,0.999963641166687,1
Viral Pneumonia-306.png,Viral Pneumonia,Viral Pneumonia,0.9999603033065796,1
Viral Pneumonia-314.png,Viral Pneumonia,Viral Pneumonia,0.9979156851768494,1
Viral Pneumonia-317.png,Viral Pneumonia,Viral Pneumonia,0.9999592304229736,1
Viral Pneumonia-319.png,Viral Pneumonia,Viral Pneumonia,0.9999909400939941,1
Viral Pneumonia-320.png,Viral Pneumonia,Viral Pneumonia,0.9999274015426636,1
Viral Pneumonia-321.png,Viral Pneumonia,Normal,0.7846574187278748,0
Viral Pneumonia-322.png,Viral Pneumonia,Viral Pneumonia,0.8333730101585388,1
Viral Pneumonia-328.png,Viral Pneumonia,Viral Pneumonia,0.9999462366104126,1
Viral Pneumonia-333.png,Viral Pneumonia,Viral Pneumonia,0.7280371189117432,1
Viral Pneumonia-334.png,Viral Pneumonia,Viral Pneumonia,0.9998292922973633,1
Viral Pneumonia-337.png,Viral Pneumonia,Viral Pneumonia,0.9871315956115723,1
Viral Pneumonia-341.png,Viral Pneumonia,Viral Pneumonia,0.9999880790710449,1
Viral Pneumonia-344.png,Viral Pneumonia,Viral Pneumonia,0.9998688697814941,1
Viral Pneumonia-348.png,Viral Pneumonia,Viral Pneumonia,0.9873740077018738,1
Viral Pneumonia-356.png,Viral Pneumonia,Viral Pneumonia,0.99981290102005,1
Viral Pneumonia-361.png,Viral Pneumonia,Viral Pneumonia,0.9999722242355347,1
Viral Pneumonia-368.png,Viral Pneumonia,Normal,0.9660081267356873,0
Viral Pneumonia-373.png,Viral Pneumonia,Viral Pneumonia,0.9898518323898315,1
Viral Pneumonia-374.png,Viral Pneumonia,Viral Pneumonia,0.985512912273407,1
Viral Pneumonia-375.png,Viral Pneumonia,Viral Pneumonia,0.9999719858169556,1
Viral Pneumonia-385.png,Viral Pneumonia,Viral Pneumonia,0.9852290749549866,1
Viral Pneumonia-389.png,Viral Pneumonia,Viral Pneumonia,0.9957383871078491,1
Viral Pneumonia-392.png,Viral Pneumonia,Normal,0.9974914789199829,0
Viral Pneumonia-398.png,Viral Pneumonia,Viral Pneumonia,0.9995009899139404,1
Viral Pneumonia-402.png,Viral Pneumonia,Viral Pneumonia,0.9982507824897766,1
Viral Pneumonia-405.png,Viral Pneumonia,Viral Pneumonia,0.999975323677063,1
Viral Pneumonia-406.png,Viral Pneumonia,Viral Pneumonia,0.9999959468841553,1
Viral Pneumonia-410.png,Viral Pneumonia,Viral Pneumonia,0.9999994039535522,1
Viral Pneumonia-411.png,Viral Pneumonia,Viral Pneumonia,0.9999984502792358,1
Viral Pneumonia-413.png,Viral Pneumonia,Viral Pneumonia,0.9999943971633911,1
Viral Pneumonia-416.png,Viral Pneumonia,Viral Pneumonia,0.9210994243621826,1
Viral Pneumonia-421.png,Viral Pneumonia,Viral Pneumonia,0.9998388290405273,1
Viral Pneumonia-428.png,Viral Pneumonia,Viral Pneumonia,0.9999864101409912,1
Viral Pneumonia-441.png,Viral Pneumonia,Viral Pneumonia,0.9999916553497314,1
Viral Pneumonia-449.png,Viral Pneumonia,Viral Pneumonia,0.9985041618347168,1
Viral Pneumonia-452.png,Viral Pneumonia,Viral Pneumonia,0.9987418055534363,1
Viral Pneumonia-454.png,Viral Pneumonia,Viral Pneumonia,0.9977965354919434,1
Viral Pneumonia-458.png,Viral Pneumonia,Viral Pneumonia,0.9999556541442871,1
Viral Pneumonia-460.png,Viral Pneumonia,Viral Pneumonia,0.9999940395355225,1
Viral Pneumonia-464.png,Viral Pneumonia,Viral Pneumonia,0.999889612197876,1
Viral Pneumonia-476.png,Viral Pneumonia,Viral Pneumonia,0.9999312162399292,1
Viral Pneumonia-480.png,Viral Pneumonia,Viral Pneumonia,0.9968243837356567,1
Viral Pneumonia-484.png,Viral Pneumonia,Viral Pneumonia,0.9993191957473755,1
Viral Pneumonia-489.png,Viral Pneumonia,Viral Pneumonia,0.9999978542327881,1
Viral Pneumonia-490.png,Viral Pneumonia,Normal,0.9591074585914612,0
Viral Pneumonia-500.png,Viral Pneumonia,Viral Pneumonia,0.9999886751174927,1
Viral Pneumonia-501.png,Viral Pneumonia,Viral Pneumonia,0.9999366998672485,1
Viral Pneumonia-521.png,Viral Pneumonia,Viral Pneumonia,0.9995255470275879,1
Viral Pneumonia-527.png,Viral Pneumonia,Normal,0.6748782992362976,0
Viral Pneumonia-529.png,Viral Pneumonia,Viral Pneumonia,0.9969543218612671,1
Viral Pneumonia-540.png,Viral Pneumonia,Viral Pneumonia,0.9987402558326721,1
Viral Pneumonia-543.png,Viral Pneumonia,Viral Pneumonia,0.9997313618659973,1
Viral Pneumonia-549.png,Viral Pneumonia,Viral Pneumonia,0.9999300241470337,1
Viral Pneumonia-551.png,Viral Pneumonia,Viral Pneumonia,0.9998745918273926,1
Viral Pneumonia-558.png,Viral Pneumonia,Viral Pneumonia,0.9999692440032959,1
Viral Pneumonia-560.png,Viral Pneumonia,Viral Pneumonia,0.999985933303833,1
Viral Pneumonia-574.png,Viral Pneumonia,Viral Pneumonia,0.9990636706352234,1
Viral Pneumonia-579.png,Viral Pneumonia,Viral Pneumonia,0.9863119721412659,1
Viral Pneumonia-585.png,Viral Pneumonia,Viral Pneumonia,0.9999964237213135,1
Viral Pneumonia-588.png,Viral Pneumonia,Viral Pneumonia,0.9999901056289673,1
Viral Pneumonia-592.png,Viral Pneumonia,Viral Pneumonia,0.9999769926071167,1
Viral Pneumonia-597.png,Viral Pneumonia,Viral Pneumonia,0.9964361190795898,1
Viral Pneumonia-601.png,Viral Pneumonia,Normal,0.9990673661231995,0
Viral Pneumonia-611.png,Viral Pneumonia,Viral Pneumonia,0.9995059967041016,1
Viral Pneumonia-613.png,Viral Pneumonia,Viral Pneumonia,0.9999979734420776,1
Viral Pneumonia-618.png,Viral Pneumonia,Viral Pneumonia,0.9996793270111084,1
Viral Pneumonia-619.png,Viral Pneumonia,Viral Pneumonia,0.9999973773956299,1
Viral Pneumonia-623.png,Viral Pneumonia,Viral Pneumonia,0.9997920393943787,1
Viral Pneumonia-628.png,Viral Pneumonia,Viral Pneumonia,0.9999970197677612,1
Viral Pneumonia-630.png,Viral Pneumonia,Viral Pneumonia,0.9999831914901733,1
Viral Pneumonia-633.png,Viral Pneumonia,Viral Pneumonia,0.9828705787658691,1
Viral Pneumonia-637.png,Viral Pneumonia,Viral Pneumonia,0.9999887943267822,1
Viral Pneumonia-644.png,Viral Pneumonia,Viral Pneumonia,0.9971230626106262,1
Viral Pneumonia-646.png,Viral Pneumonia,Viral Pneumonia,0.9999921321868896,1
Viral Pneumonia-647.png,Viral Pneumonia,Viral Pneumonia,0.9999793767929077,1
Viral Pneumonia-648.png,Viral Pneumonia,Viral Pneumonia,0.9999754428863525,1
Viral Pneumonia-651.png,Viral Pneumonia,Viral Pneumonia,0.9999935626983643,1
Viral Pneumonia-653.png,Viral Pneumonia,Viral Pneumonia,0.9999793767929077,1
Viral Pneumonia-654.png,Viral Pneumonia,Viral Pneumonia,0.9999953508377075,1
Viral Pneumonia-665.png,Viral Pneumonia,Viral Pneumonia,0.9999977350234985,1
Viral Pneumonia-670.png,Viral Pneumonia,Normal,0.9515083432197571,0
Viral Pneumonia-671.png,Viral Pneumonia,Normal,0.987553596496582,0
Viral Pneumonia-674.png,Viral Pneumonia,Viral Pneumonia,0.9998513460159302,1
Viral Pneumonia-691.png,Viral Pneumonia,Viral Pneumonia,0.9999927282333374,1
Viral Pneumonia-697.png,Viral Pneumonia,Viral Pneumonia,0.9997822642326355,1
Viral Pneumonia-700.png,Viral Pneumonia,Viral Pneumonia,0.9999655485153198,1
Viral Pneumonia-702.png,Viral Pneumonia,Normal,0.8609206676483154,0
Viral Pneumonia-703.png,Viral Pneumonia,Viral Pneumonia,0.9999996423721313,1
Viral Pneumonia-718.png,Viral Pneumonia,Viral Pneumonia,0.9999825954437256,1
Viral Pneumonia-720.png,Viral Pneumonia,Viral Pneumonia,0.9996084570884705,1
Viral Pneumonia-728.png,Viral Pneumonia,Viral Pneumonia,0.9999511241912842,1
Viral Pneumonia-739.png,Viral Pneumonia,Viral Pneumonia,0.9999856948852539,1
Viral Pneumonia-744.png,Viral Pneumonia,Viral Pneumonia,0.9999994039535522,1
Viral Pneumonia-746.png,Viral Pneumonia,Viral Pneumonia,0.6902397871017456,1
Viral Pneumonia-760.png,Viral Pneumonia,Viral Pneumonia,0.9872047901153564,1
Viral Pneumonia-762.png,Viral Pneumonia,Viral Pneumonia,0.9997572302818298,1
Viral Pneumonia-768.png,Viral Pneumonia,Viral Pneumonia,0.9998699426651001,1
Viral Pneumonia-769.png,Viral Pneumonia,Viral Pneumonia,0.9999899864196777,1
Viral Pneumonia-773.png,Viral Pneumonia,Viral Pneumonia,0.9981032609939575,1
Viral Pneumonia-774.png,Viral Pneumonia,Viral Pneumonia,0.999980092048645,1
Viral Pneumonia-779.png,Viral Pneumonia,Viral Pneumonia,0.9999165534973145,1
Viral Pneumonia-784.png,Viral Pneumonia,Viral Pneumonia,0.9999791383743286,1
Viral Pneumonia-786.png,Viral Pneumonia,Viral Pneumonia,0.9999977350234985,1
Viral Pneumonia-787.png,Viral Pneumonia,Viral Pneumonia,0.9642229080200195,1
Viral Pneumonia-792.png,Viral Pneumonia,Viral Pneumonia,0.9999995231628418,1
Viral Pneumonia-797.png,Viral Pneumonia,Viral Pneumonia,0.9999970197677612,1
Viral Pneumonia-798.png,Viral Pneumonia,Viral Pneumonia,0.9999932050704956,1
Viral Pneumonia-800.png,Viral Pneumonia,Viral Pneumonia,0.9999996423721313,1
Viral Pneumonia-806.png,Viral Pneumonia,Viral Pneumonia,0.9999892711639404,1
Viral Pneumonia-807.png,Viral Pneumonia,Viral Pneumonia,0.9999933242797852,1
Viral Pneumonia-814.png,Viral Pneumonia,Viral Pneumonia,0.9999880790710449,1
Viral Pneumonia-815.png,Viral Pneumonia,Viral Pneumonia,0.9999951124191284,1
Viral Pneumonia-836.png,Viral Pneumonia,Viral Pneumonia,0.9999862909317017,1
Viral Pneumonia-845.png,Viral Pneumonia,Viral Pneumonia,0.9998964071273804,1
Viral Pneumonia-848.png,Viral Pneumonia,Viral Pneumonia,0.9999997615814209,1
Viral Pneumonia-850.png,Viral Pneumonia,Viral Pneumonia,0.9995636343955994,1
Viral Pneumonia-852.png,Viral Pneumonia,Viral Pneumonia,0.9999994039535522,1
Viral Pneumonia-860.png,Viral Pneumonia,Viral Pneumonia,0.9999973773956299,1
Viral Pneumonia-863.png,Viral Pneumonia,Viral Pneumonia,0.999994158744812,1
Viral Pneumonia-868.png,Viral Pneumonia,Viral Pneumonia,0.9999967813491821,1
Viral Pneumonia-872.png,Viral Pneumonia,Viral Pneumonia,0.9998427629470825,1
Viral Pneumonia-878.png,Viral Pneumonia,Viral Pneumonia,0.9998461008071899,1
Viral Pneumonia-879.png,Viral Pneumonia,Viral Pneumonia,0.9997827410697937,1
Viral Pneumonia-886.png,Viral Pneumonia,Viral Pneumonia,0.999996542930603,1
Viral Pneumonia-896.png,Viral Pneumonia,Viral Pneumonia,0.9999984502792358,1
Viral Pneumonia-898.png,Viral Pneumonia,Viral Pneumonia,0.9957893490791321,1
Viral Pneumonia-903.png,Viral Pneumonia,Viral Pneumonia,0.9999988079071045,1
Viral Pneumonia-917.png,Viral Pneumonia,Viral Pneumonia,0.9999954700469971,1
Viral Pneumonia-923.png,Viral Pneumonia,Viral Pneumonia,0.9999237060546875,1
Viral Pneumonia-929.png,Viral Pneumonia,Viral Pneumonia,0.6087099313735962,1
Viral Pneumonia-930.png,Viral Pneumonia,Viral Pneumonia,0.9999983310699463,1
Viral Pneumonia-931.png,Viral Pneumonia,Viral Pneumonia,0.9999427795410156,1
Viral Pneumonia-944.png,Viral Pneumonia,Viral Pneumonia,0.9981195330619812,1
Viral Pneumonia-952.png,Viral Pneumonia,Viral Pneumonia,0.9999862909317017,1
Viral Pneumonia-953.png,Viral Pneumonia,Viral Pneumonia,0.9999829530715942,1
Viral Pneumonia-957.png,Viral Pneumonia,Viral Pneumonia,0.9892163276672363,1
Viral Pneumonia-963.png,Viral Pneumonia,Viral Pneumonia,0.9999513626098633,1
Viral Pneumonia-981.png,Viral Pneumonia,Viral Pneumonia,0.9999955892562866,1
Viral Pneumonia-983.png,Viral Pneumonia,Viral Pneumonia,0.999489426612854,1
Viral Pneumonia-986.png,Viral Pneumonia,Viral Pneumonia,0.9999881982803345,1
Viral Pneumonia-989.png,Viral Pneumonia,Viral Pneumonia,0.9999912977218628,1
Viral Pneumonia-993.png,Viral Pneumonia,Viral Pneumonia,0.9984729886054993,1
Viral Pneumonia-1005.png,Viral Pneumonia,Viral Pneumonia,0.9998705387115479,1
Viral Pneumonia-1006.png,Viral Pneumonia,Viral Pneumonia,0.9999994039535522,1
Viral Pneumonia-1007.png,Viral Pneumonia,Viral Pneumonia,0.9999690055847168,1
Viral Pneumonia-1015.png,Viral Pneumonia,Viral Pneumonia,0.9999322891235352,1
Viral Pneumonia-1016.png,Viral Pneumonia,Viral Pneumonia,0.9999911785125732,1
Viral Pneumonia-1018.png,Viral Pneumonia,Viral Pneumonia,0.9999991655349731,1
Viral Pneumonia-1022.png,Viral Pneumonia,Viral Pneumonia,0.9999890327453613,1
Viral Pneumonia-1028.png,Viral Pneumonia,Viral Pneumonia,0.9998375177383423,1
Viral Pneumonia-1047.png,Viral Pneumonia,Viral Pneumonia,0.9999969005584717,1
Viral Pneumonia-1055.png,Viral Pneumonia,Viral Pneumonia,0.9927836656570435,1
Viral Pneumonia-1067.png,Viral Pneumonia,Viral Pneumonia,0.983934223651886,1
Viral Pneumonia-1068.png,Viral Pneumonia,Viral Pneumonia,0.9999983310699463,1
Viral Pneumonia-1070.png,Viral Pneumonia,Viral Pneumonia,0.9996104836463928,1
Viral Pneumonia-1072.png,Viral Pneumonia,Normal,0.9371199607849121,0
Viral Pneumonia-1084.png,Viral Pneumonia,Viral Pneumonia,0.9999896287918091,1
Viral Pneumonia-1086.png,Viral Pneumonia,Viral Pneumonia,0.9967149496078491,1
Viral Pneumonia-1089.png,Viral Pneumonia,Viral Pneumonia,0.9999843835830688,1
Viral Pneumonia-1091.png,Viral Pneumonia,Viral Pneumonia,0.9698027968406677,1
Viral Pneumonia-1099.png,Viral Pneumonia,Viral Pneumonia,0.999994158744812,1
Viral Pneumonia-1100.png,Viral Pneumonia,Viral Pneumonia,0.9992485642433167,1
Viral Pneumonia-1101.png,Viral Pneumonia,Viral Pneumonia,0.9993960857391357,1
Viral Pneumonia-1116.png,Viral Pneumonia,Viral Pneumonia,0.9980782270431519,1
Viral Pneumonia-1122.png,Viral Pneumonia,Viral Pneumonia,0.7328134179115295,1
Viral Pneumonia-1134.png,Viral Pneumonia,Viral Pneumonia,0.9999984502792358,1
Viral Pneumonia-1136.png,Viral Pneumonia,Viral Pneumonia,0.9998528957366943,1
Viral Pneumonia-1141.png,Viral Pneumonia,Viral Pneumonia,0.9950127005577087,1
Viral Pneumonia-1142.png,Viral Pneumonia,Normal,0.9652677178382874,0
Viral Pneumonia-1146.png,Viral Pneumonia,Viral Pneumonia,0.9856382012367249,1
Viral Pneumonia-1158.png,Viral Pneumonia,Viral Pneumonia,0.9999397993087769,1
Viral Pneumonia-1162.png,Viral Pneumonia,Viral Pneumonia,0.9999350309371948,1
Viral Pneumonia-1164.png,Viral Pneumonia,Viral Pneumonia,0.9999966621398926,1
Viral Pneumonia-1165.png,Viral Pneumonia,Viral Pneumonia,0.9999337196350098,1
Viral Pneumonia-1166.png,Viral Pneumonia,Viral Pneumonia,0.9990350008010864,1
Viral Pneumonia-1167.png,Viral Pneumonia,Viral Pneumonia,0.9999508857727051,1
Viral Pneumonia-1169.png,Viral Pneumonia,Viral Pneumonia,0.9999889135360718,1
Viral Pneumonia-1174.png,Viral Pneumonia,Viral Pneumonia,0.9998692274093628,1
Viral Pneumonia-1181.png,Viral Pneumonia,Viral Pneumonia,0.9006035923957825,1
Viral Pneumonia-1182.png,Viral Pneumonia,Viral Pneumonia,0.999994158744812,1
Viral Pneumonia-1189.png,Viral Pneumonia,Viral Pneumonia,0.9998672008514404,1
Viral Pneumonia-1197.png,Viral Pneumonia,Viral Pneumonia,0.99489426612854,1
Viral Pneumonia-1199.png,Viral Pneumonia,Viral Pneumonia,0.9999960660934448,1
Viral Pneumonia-1219.png,Viral Pneumonia,Viral Pneumonia,0.996268630027771,1
Viral Pneumonia-1222.png,Viral Pneumonia,Viral Pneumonia,0.996035635471344,1
Viral Pneumonia-1223.png,Viral Pneumonia,Viral Pneumonia,0.982883870601654,1
Viral Pneumonia-1229.png,Viral Pneumonia,Viral Pneumonia,0.9999793767929077,1
Viral Pneumonia-1238.png,Viral Pneumonia,Viral Pneumonia,0.9998041987419128,1
Viral Pneumonia-1244.png,Viral Pneumonia,Viral Pneumonia,0.999946117401123,1
Viral Pneumonia-1258.png,Viral Pneumonia,Viral Pneumonia,0.9999967813491821,1
Viral Pneumonia-1262.png,Viral Pneumonia,Normal,0.9966139197349548,0
Viral Pneumonia-1268.png,Viral Pneumonia,Viral Pneumonia,0.999998927116394,1
Viral Pneumonia-1269.png,Viral Pneumonia,Viral Pneumonia,0.9999922513961792,1
Viral Pneumonia-1275.png,Viral Pneumonia,Viral Pneumonia,0.9999915361404419,1
Viral Pneumonia-1276.png,Viral Pneumonia,Viral Pneumonia,0.9999358654022217,1
Viral Pneumonia-1278.png,Viral Pneumonia,Viral Pneumonia,0.9999401569366455,1
Viral Pneumonia-1279.png,Viral Pneumonia,Viral Pneumonia,0.9996384382247925,1
Viral Pneumonia-1304.png,Viral Pneumonia,Viral Pneumonia,0.9999982118606567,1
Viral Pneumonia-1307.png,Viral Pneumonia,Viral Pneumonia,0.9999045133590698,1
Viral Pneumonia-1309.png,Viral Pneumonia,Viral Pneumonia,0.9992423057556152,1
Viral Pneumonia-1321.png,Viral Pneumonia,Viral Pneumonia,0.999998927116394,1
Viral Pneumonia-1324.png,Viral Pneumonia,Viral Pneumonia,0.9998137354850769,1
Viral Pneumonia-1329.png,Viral Pneumonia,Viral Pneumonia,0.9968565702438354,1
Viral Pneumonia-1330.png,Viral Pneumonia,Viral Pneumonia,0.9999706745147705,1
Viral Pneumonia-1338.png,Viral Pneumonia,Normal,0.8456579446792603,0
Viral Pneumonia-1339.png,Viral Pneumonia,Viral Pneumonia,0.9999942779541016,1
Viral Pneumonia-1340.png,Viral Pneumonia,Viral Pneumonia,0.9906328916549683,1
Viral Pneumonia-1344.png,Viral Pneumonia,Viral Pneumonia,0.9999991655349731,1
Viral Pneumonia-1345.png,Viral Pneumonia,Viral Pneumonia,0.9915359020233154,1
